2026-07-30T02:40:35.613Z INFO @wdio/local-runner: Run worker command: run
2026-07-30T02:40:36.145Z INFO webdriver: Initiate new session using the WebDriver protocol
2026-07-30T02:40:36.145Z INFO @wdio/utils: Connecting to existing driver at http://127.0.0.1:4723/
2026-07-30T02:40:36.152Z INFO webdriver: [POST] http://127.0.0.1:4723/session
2026-07-30T02:40:42.086Z INFO webdriver: COMMAND terminateApp("com.wdiodemoapp")
2026-07-30T02:40:42.087Z INFO webdriver: [POST] http://127.0.0.1:4723/session/84d1eb51-3b80-4baf-a0ac-13a3512ad17e/appium/device/terminate_app
2026-07-30T02:40:42.087Z INFO webdriver: DATA {"appId":"com.wdiodemoapp"}
2026-07-30T02:40:42.530Z INFO webdriver: RESULT true
2026-07-30T02:40:42.530Z INFO webdriver: COMMAND activateApp("com.wdiodemoapp")
2026-07-30T02:40:42.531Z INFO webdriver: [POST] http://127.0.0.1:4723/session/84d1eb51-3b80-4baf-a0ac-13a3512ad17e/appium/device/activate_app
2026-07-30T02:40:42.531Z INFO webdriver: DATA {"appId":"com.wdiodemoapp"}
2026-07-30T02:40:42.671Z INFO webdriver: RESULT null
2026-07-30T02:40:42.676Z INFO webdriver: COMMAND findElement("accessibility id", "Forms")
2026-07-30T02:40:42.677Z INFO webdriver: [POST] http://127.0.0.1:4723/session/84d1eb51-3b80-4baf-a0ac-13a3512ad17e/element
2026-07-30T02:40:42.677Z INFO webdriver: DATA {"using":"accessibility id","value":"Forms"}
2026-07-30T02:40:44.671Z INFO webdriver: RESULT {
  'element-6066-11e4-a52e-4f735466cecf': '00000000-0000-00e5-ffff-ffff00000025',
  ELEMENT: '00000000-0000-00e5-ffff-ffff00000025'
}
2026-07-30T02:40:44.678Z INFO webdriver: COMMAND elementClick("00000000-0000-00e5-ffff-ffff00000025")
2026-07-30T02:40:44.678Z INFO webdriver: [POST] http://127.0.0.1:4723/session/84d1eb51-3b80-4baf-a0ac-13a3512ad17e/element/00000000-0000-00e5-ffff-ffff00000025/click
2026-07-30T02:40:44.678Z INFO webdriver: DATA {}
2026-07-30T02:40:44.764Z INFO webdriver: RESULT null
2026-07-30T02:40:44.766Z INFO webdriver: COMMAND findElement("accessibility id", "Forms-screen")
2026-07-30T02:40:44.767Z INFO webdriver: [POST] http://127.0.0.1:4723/session/84d1eb51-3b80-4baf-a0ac-13a3512ad17e/element
2026-07-30T02:40:44.767Z INFO webdriver: DATA {"using":"accessibility id","value":"Forms-screen"}
2026-07-30T02:40:44.797Z INFO webdriver: RESULT {
  error: 'no such element',
  message: 'An element could not be located on the page using the given search parameters.',
  stacktrace: 'NoSuchElementError: An element could not be located on the page using the given search parameters.\n' +
    '    at AndroidUiautomator2Driver.findElOrEls (C:\\Repositorios\\webDriverIOMobile\\node_modules\\appium-uiautomator2-driver\\node_modules\\appium-android-driver\\lib\\commands\\find.ts:86:11)\n' +
    '    at processTicksAndRejections (node:internal/process/task_queues:95:5)\n' +
    '    at AndroidUiautomator2Driver.findElOrElsWithProcessing (C:\\Repositorios\\webDriverIOMobile\\node_modules\\appium-uiautomator2-driver\\node_modules\\@appium\\base-driver\\lib\\basedriver\\commands\\find.ts:60:12)\n' +
    '    at AndroidUiautomator2Driver.findElement (C:\\Repositorios\\webDriverIOMobile\\node_modules\\appium-uiautomator2-driver\\node_modules\\@appium\\base-driver\\lib\\basedriver\\commands\\find.ts:75:12)'
}
2026-07-30T02:40:44.800Z INFO webdriver: COMMAND findElement("accessibility id", "Forms-screen")
2026-07-30T02:40:44.800Z INFO webdriver: [POST] http://127.0.0.1:4723/session/84d1eb51-3b80-4baf-a0ac-13a3512ad17e/element
2026-07-30T02:40:44.800Z INFO webdriver: DATA {"using":"accessibility id","value":"Forms-screen"}
2026-07-30T02:40:44.950Z INFO webdriver: RESULT {
  'element-6066-11e4-a52e-4f735466cecf': '00000000-0000-00e5-ffff-ffff00000043',
  ELEMENT: '00000000-0000-00e5-ffff-ffff00000043'
}
2026-07-30T02:40:44.953Z INFO webdriver: COMMAND isElementDisplayed("00000000-0000-00e5-ffff-ffff00000043")
2026-07-30T02:40:44.954Z INFO webdriver: [GET] http://127.0.0.1:4723/session/84d1eb51-3b80-4baf-a0ac-13a3512ad17e/element/00000000-0000-00e5-ffff-ffff00000043/displayed
2026-07-30T02:40:45.447Z INFO webdriver: RESULT true
2026-07-30T02:40:45.448Z INFO webdriver: COMMAND findElement("accessibility id", "text-input")
2026-07-30T02:40:45.448Z INFO webdriver: [POST] http://127.0.0.1:4723/session/84d1eb51-3b80-4baf-a0ac-13a3512ad17e/element
2026-07-30T02:40:45.449Z INFO webdriver: DATA {"using":"accessibility id","value":"text-input"}
2026-07-30T02:40:45.472Z INFO webdriver: RESULT {
  'element-6066-11e4-a52e-4f735466cecf': '00000000-0000-00e5-ffff-ffff0000004b',
  ELEMENT: '00000000-0000-00e5-ffff-ffff0000004b'
}
2026-07-30T02:40:45.474Z INFO webdriver: COMMAND isElementDisplayed("00000000-0000-00e5-ffff-ffff0000004b")
2026-07-30T02:40:45.474Z INFO webdriver: [GET] http://127.0.0.1:4723/session/84d1eb51-3b80-4baf-a0ac-13a3512ad17e/element/00000000-0000-00e5-ffff-ffff0000004b/displayed
2026-07-30T02:40:45.490Z INFO webdriver: RESULT true
2026-07-30T02:40:45.491Z INFO webdriver: COMMAND findElement("accessibility id", "input-text-result")
2026-07-30T02:40:45.491Z INFO webdriver: [POST] http://127.0.0.1:4723/session/84d1eb51-3b80-4baf-a0ac-13a3512ad17e/element
2026-07-30T02:40:45.491Z INFO webdriver: DATA {"using":"accessibility id","value":"input-text-result"}
2026-07-30T02:40:45.524Z INFO webdriver: RESULT {
  'element-6066-11e4-a52e-4f735466cecf': '00000000-0000-00e5-ffff-ffff0000004e',
  ELEMENT: '00000000-0000-00e5-ffff-ffff0000004e'
}
2026-07-30T02:40:45.526Z INFO webdriver: COMMAND isElementDisplayed("00000000-0000-00e5-ffff-ffff0000004e")
2026-07-30T02:40:45.526Z INFO webdriver: [GET] http://127.0.0.1:4723/session/84d1eb51-3b80-4baf-a0ac-13a3512ad17e/element/00000000-0000-00e5-ffff-ffff0000004e/displayed
2026-07-30T02:40:45.537Z INFO webdriver: RESULT true
2026-07-30T02:40:45.537Z INFO webdriver: COMMAND findElement("accessibility id", "switch")
2026-07-30T02:40:45.538Z INFO webdriver: [POST] http://127.0.0.1:4723/session/84d1eb51-3b80-4baf-a0ac-13a3512ad17e/element
2026-07-30T02:40:45.538Z INFO webdriver: DATA {"using":"accessibility id","value":"switch"}
2026-07-30T02:40:45.564Z INFO webdriver: RESULT {
  'element-6066-11e4-a52e-4f735466cecf': '00000000-0000-00e5-ffff-ffff00000051',
  ELEMENT: '00000000-0000-00e5-ffff-ffff00000051'
}
2026-07-30T02:40:45.565Z INFO webdriver: COMMAND isElementDisplayed("00000000-0000-00e5-ffff-ffff00000051")
2026-07-30T02:40:45.565Z INFO webdriver: [GET] http://127.0.0.1:4723/session/84d1eb51-3b80-4baf-a0ac-13a3512ad17e/element/00000000-0000-00e5-ffff-ffff00000051/displayed
2026-07-30T02:40:45.596Z INFO webdriver: RESULT true
2026-07-30T02:40:45.597Z INFO webdriver: COMMAND findElement("accessibility id", "switch-text")
2026-07-30T02:40:45.597Z INFO webdriver: [POST] http://127.0.0.1:4723/session/84d1eb51-3b80-4baf-a0ac-13a3512ad17e/element
2026-07-30T02:40:45.597Z INFO webdriver: DATA {"using":"accessibility id","value":"switch-text"}
2026-07-30T02:40:45.638Z INFO webdriver: RESULT {
  'element-6066-11e4-a52e-4f735466cecf': '00000000-0000-00e5-ffff-ffff00000052',
  ELEMENT: '00000000-0000-00e5-ffff-ffff00000052'
}
2026-07-30T02:40:45.640Z INFO webdriver: COMMAND isElementDisplayed("00000000-0000-00e5-ffff-ffff00000052")
2026-07-30T02:40:45.640Z INFO webdriver: [GET] http://127.0.0.1:4723/session/84d1eb51-3b80-4baf-a0ac-13a3512ad17e/element/00000000-0000-00e5-ffff-ffff00000052/displayed
2026-07-30T02:40:45.656Z INFO webdriver: RESULT true
2026-07-30T02:40:45.657Z INFO webdriver: COMMAND findElement("accessibility id", "Dropdown")
2026-07-30T02:40:45.657Z INFO webdriver: [POST] http://127.0.0.1:4723/session/84d1eb51-3b80-4baf-a0ac-13a3512ad17e/element
2026-07-30T02:40:45.657Z INFO webdriver: DATA {"using":"accessibility id","value":"Dropdown"}
2026-07-30T02:40:45.690Z INFO webdriver: RESULT {
  'element-6066-11e4-a52e-4f735466cecf': '00000000-0000-00e5-ffff-ffff00000055',
  ELEMENT: '00000000-0000-00e5-ffff-ffff00000055'
}
2026-07-30T02:40:45.693Z INFO webdriver: COMMAND isElementDisplayed("00000000-0000-00e5-ffff-ffff00000055")
2026-07-30T02:40:45.693Z INFO webdriver: [GET] http://127.0.0.1:4723/session/84d1eb51-3b80-4baf-a0ac-13a3512ad17e/element/00000000-0000-00e5-ffff-ffff00000055/displayed
2026-07-30T02:40:45.719Z INFO webdriver: RESULT true
2026-07-30T02:40:45.720Z INFO webdriver: COMMAND terminateApp("com.wdiodemoapp")
2026-07-30T02:40:45.721Z INFO webdriver: [POST] http://127.0.0.1:4723/session/84d1eb51-3b80-4baf-a0ac-13a3512ad17e/appium/device/terminate_app
2026-07-30T02:40:45.721Z INFO webdriver: DATA {"appId":"com.wdiodemoapp"}
2026-07-30T02:40:46.079Z INFO webdriver: RESULT true
2026-07-30T02:40:46.079Z INFO webdriver: COMMAND activateApp("com.wdiodemoapp")
2026-07-30T02:40:46.079Z INFO webdriver: [POST] http://127.0.0.1:4723/session/84d1eb51-3b80-4baf-a0ac-13a3512ad17e/appium/device/activate_app
2026-07-30T02:40:46.079Z INFO webdriver: DATA {"appId":"com.wdiodemoapp"}
2026-07-30T02:40:46.217Z INFO webdriver: RESULT null
2026-07-30T02:40:46.219Z INFO webdriver: COMMAND findElement("accessibility id", "Forms")
2026-07-30T02:40:46.219Z INFO webdriver: [POST] http://127.0.0.1:4723/session/84d1eb51-3b80-4baf-a0ac-13a3512ad17e/element
2026-07-30T02:40:46.219Z INFO webdriver: DATA {"using":"accessibility id","value":"Forms"}
2026-07-30T02:40:48.259Z INFO webdriver: RESULT {
  'element-6066-11e4-a52e-4f735466cecf': '00000000-0000-00e7-ffff-ffff00000025',
  ELEMENT: '00000000-0000-00e7-ffff-ffff00000025'
}
2026-07-30T02:40:48.261Z INFO webdriver: COMMAND elementClick("00000000-0000-00e7-ffff-ffff00000025")
2026-07-30T02:40:48.262Z INFO webdriver: [POST] http://127.0.0.1:4723/session/84d1eb51-3b80-4baf-a0ac-13a3512ad17e/element/00000000-0000-00e7-ffff-ffff00000025/click
2026-07-30T02:40:48.262Z INFO webdriver: DATA {}
2026-07-30T02:40:48.352Z INFO webdriver: RESULT null
2026-07-30T02:40:48.353Z INFO webdriver: COMMAND findElement("accessibility id", "text-input")
2026-07-30T02:40:48.353Z INFO webdriver: [POST] http://127.0.0.1:4723/session/84d1eb51-3b80-4baf-a0ac-13a3512ad17e/element
2026-07-30T02:40:48.353Z INFO webdriver: DATA {"using":"accessibility id","value":"text-input"}
2026-07-30T02:40:48.483Z INFO webdriver: RESULT {
  'element-6066-11e4-a52e-4f735466cecf': '00000000-0000-00e7-ffff-ffff0000004b',
  ELEMENT: '00000000-0000-00e7-ffff-ffff0000004b'
}
2026-07-30T02:40:48.486Z INFO webdriver: COMMAND elementClear("00000000-0000-00e7-ffff-ffff0000004b")
2026-07-30T02:40:48.486Z INFO webdriver: [POST] http://127.0.0.1:4723/session/84d1eb51-3b80-4baf-a0ac-13a3512ad17e/element/00000000-0000-00e7-ffff-ffff0000004b/clear
2026-07-30T02:40:48.486Z INFO webdriver: DATA {}
2026-07-30T02:40:48.939Z INFO webdriver: RESULT null
2026-07-30T02:40:48.939Z INFO webdriver: COMMAND elementSendKeys("00000000-0000-00e7-ffff-ffff0000004b", "Hola Mundo")
2026-07-30T02:40:48.939Z INFO webdriver: [POST] http://127.0.0.1:4723/session/84d1eb51-3b80-4baf-a0ac-13a3512ad17e/element/00000000-0000-00e7-ffff-ffff0000004b/value
2026-07-30T02:40:48.939Z INFO webdriver: DATA {"text":"Hola Mundo"}
2026-07-30T02:40:49.957Z INFO webdriver: RESULT null
2026-07-30T02:40:49.958Z INFO webdriver: COMMAND findElement("accessibility id", "input-text-result")
2026-07-30T02:40:49.958Z INFO webdriver: [POST] http://127.0.0.1:4723/session/84d1eb51-3b80-4baf-a0ac-13a3512ad17e/element
2026-07-30T02:40:49.958Z INFO webdriver: DATA {"using":"accessibility id","value":"input-text-result"}
2026-07-30T02:40:50.564Z INFO webdriver: RESULT {
  'element-6066-11e4-a52e-4f735466cecf': '00000000-0000-00e7-ffff-ffff0000004e',
  ELEMENT: '00000000-0000-00e7-ffff-ffff0000004e'
}
2026-07-30T02:40:50.566Z INFO webdriver: COMMAND getElementText("00000000-0000-00e7-ffff-ffff0000004e")
2026-07-30T02:40:50.566Z INFO webdriver: [GET] http://127.0.0.1:4723/session/84d1eb51-3b80-4baf-a0ac-13a3512ad17e/element/00000000-0000-00e7-ffff-ffff0000004e/text
2026-07-30T02:40:50.575Z INFO webdriver: RESULT Hola Mundo
2026-07-30T02:40:50.577Z INFO webdriver: COMMAND terminateApp("com.wdiodemoapp")
2026-07-30T02:40:50.577Z INFO webdriver: [POST] http://127.0.0.1:4723/session/84d1eb51-3b80-4baf-a0ac-13a3512ad17e/appium/device/terminate_app
2026-07-30T02:40:50.577Z INFO webdriver: DATA {"appId":"com.wdiodemoapp"}
2026-07-30T02:40:50.931Z INFO webdriver: RESULT true
2026-07-30T02:40:50.931Z INFO webdriver: COMMAND activateApp("com.wdiodemoapp")
2026-07-30T02:40:50.932Z INFO webdriver: [POST] http://127.0.0.1:4723/session/84d1eb51-3b80-4baf-a0ac-13a3512ad17e/appium/device/activate_app
2026-07-30T02:40:50.932Z INFO webdriver: DATA {"appId":"com.wdiodemoapp"}
2026-07-30T02:40:51.068Z INFO webdriver: RESULT null
2026-07-30T02:40:51.069Z INFO webdriver: COMMAND findElement("accessibility id", "Forms")
2026-07-30T02:40:51.070Z INFO webdriver: [POST] http://127.0.0.1:4723/session/84d1eb51-3b80-4baf-a0ac-13a3512ad17e/element
2026-07-30T02:40:51.070Z INFO webdriver: DATA {"using":"accessibility id","value":"Forms"}
2026-07-30T02:40:53.137Z INFO webdriver: RESULT {
  'element-6066-11e4-a52e-4f735466cecf': '00000000-0000-00e9-ffff-ffff00000025',
  ELEMENT: '00000000-0000-00e9-ffff-ffff00000025'
}
2026-07-30T02:40:53.138Z INFO webdriver: COMMAND elementClick("00000000-0000-00e9-ffff-ffff00000025")
2026-07-30T02:40:53.138Z INFO webdriver: [POST] http://127.0.0.1:4723/session/84d1eb51-3b80-4baf-a0ac-13a3512ad17e/element/00000000-0000-00e9-ffff-ffff00000025/click
2026-07-30T02:40:53.138Z INFO webdriver: DATA {}
2026-07-30T02:40:53.221Z INFO webdriver: RESULT null
2026-07-30T02:40:53.222Z INFO webdriver: COMMAND findElement("accessibility id", "text-input")
2026-07-30T02:40:53.222Z INFO webdriver: [POST] http://127.0.0.1:4723/session/84d1eb51-3b80-4baf-a0ac-13a3512ad17e/element
2026-07-30T02:40:53.222Z INFO webdriver: DATA {"using":"accessibility id","value":"text-input"}
2026-07-30T02:40:53.297Z INFO webdriver: RESULT {
  'element-6066-11e4-a52e-4f735466cecf': '00000000-0000-00e9-ffff-ffff0000004b',
  ELEMENT: '00000000-0000-00e9-ffff-ffff0000004b'
}
2026-07-30T02:40:53.300Z INFO webdriver: COMMAND elementClear("00000000-0000-00e9-ffff-ffff0000004b")
2026-07-30T02:40:53.300Z INFO webdriver: [POST] http://127.0.0.1:4723/session/84d1eb51-3b80-4baf-a0ac-13a3512ad17e/element/00000000-0000-00e9-ffff-ffff0000004b/clear
2026-07-30T02:40:53.300Z INFO webdriver: DATA {}
2026-07-30T02:40:53.799Z INFO webdriver: RESULT null
2026-07-30T02:40:53.799Z INFO webdriver: COMMAND elementSendKeys("00000000-0000-00e9-ffff-ffff0000004b", "Test@123!#$%&/()")
2026-07-30T02:40:53.799Z INFO webdriver: [POST] http://127.0.0.1:4723/session/84d1eb51-3b80-4baf-a0ac-13a3512ad17e/element/00000000-0000-00e9-ffff-ffff0000004b/value
2026-07-30T02:40:53.799Z INFO webdriver: DATA {"text":"Test@123!#$%&/()"}
2026-07-30T02:40:54.325Z INFO webdriver: RESULT null
2026-07-30T02:40:54.325Z INFO webdriver: COMMAND findElement("accessibility id", "input-text-result")
2026-07-30T02:40:54.325Z INFO webdriver: [POST] http://127.0.0.1:4723/session/84d1eb51-3b80-4baf-a0ac-13a3512ad17e/element
2026-07-30T02:40:54.325Z INFO webdriver: DATA {"using":"accessibility id","value":"input-text-result"}
2026-07-30T02:40:54.952Z INFO webdriver: RESULT {
  'element-6066-11e4-a52e-4f735466cecf': '00000000-0000-00e9-ffff-ffff0000004e',
  ELEMENT: '00000000-0000-00e9-ffff-ffff0000004e'
}
2026-07-30T02:40:54.954Z INFO webdriver: COMMAND getElementText("00000000-0000-00e9-ffff-ffff0000004e")
2026-07-30T02:40:54.954Z INFO webdriver: [GET] http://127.0.0.1:4723/session/84d1eb51-3b80-4baf-a0ac-13a3512ad17e/element/00000000-0000-00e9-ffff-ffff0000004e/text
2026-07-30T02:40:54.985Z INFO webdriver: RESULT Test@123!#$%&/()
2026-07-30T02:40:54.986Z INFO webdriver: COMMAND terminateApp("com.wdiodemoapp")
2026-07-30T02:40:54.986Z INFO webdriver: [POST] http://127.0.0.1:4723/session/84d1eb51-3b80-4baf-a0ac-13a3512ad17e/appium/device/terminate_app
2026-07-30T02:40:54.986Z INFO webdriver: DATA {"appId":"com.wdiodemoapp"}
2026-07-30T02:40:55.360Z INFO webdriver: RESULT true
2026-07-30T02:40:55.360Z INFO webdriver: COMMAND activateApp("com.wdiodemoapp")
2026-07-30T02:40:55.360Z INFO webdriver: [POST] http://127.0.0.1:4723/session/84d1eb51-3b80-4baf-a0ac-13a3512ad17e/appium/device/activate_app
2026-07-30T02:40:55.360Z INFO webdriver: DATA {"appId":"com.wdiodemoapp"}
2026-07-30T02:40:55.511Z INFO webdriver: RESULT null
2026-07-30T02:40:55.512Z INFO webdriver: COMMAND findElement("accessibility id", "Forms")
2026-07-30T02:40:55.512Z INFO webdriver: [POST] http://127.0.0.1:4723/session/84d1eb51-3b80-4baf-a0ac-13a3512ad17e/element
2026-07-30T02:40:55.512Z INFO webdriver: DATA {"using":"accessibility id","value":"Forms"}
2026-07-30T02:40:57.637Z INFO webdriver: RESULT {
  'element-6066-11e4-a52e-4f735466cecf': '00000000-0000-00eb-ffff-ffff00000025',
  ELEMENT: '00000000-0000-00eb-ffff-ffff00000025'
}
2026-07-30T02:40:57.639Z INFO webdriver: COMMAND elementClick("00000000-0000-00eb-ffff-ffff00000025")
2026-07-30T02:40:57.639Z INFO webdriver: [POST] http://127.0.0.1:4723/session/84d1eb51-3b80-4baf-a0ac-13a3512ad17e/element/00000000-0000-00eb-ffff-ffff00000025/click
2026-07-30T02:40:57.639Z INFO webdriver: DATA {}
2026-07-30T02:40:57.718Z INFO webdriver: RESULT null
2026-07-30T02:40:57.719Z INFO webdriver: COMMAND findElement("accessibility id", "switch")
2026-07-30T02:40:57.719Z INFO webdriver: [POST] http://127.0.0.1:4723/session/84d1eb51-3b80-4baf-a0ac-13a3512ad17e/element
2026-07-30T02:40:57.719Z INFO webdriver: DATA {"using":"accessibility id","value":"switch"}
2026-07-30T02:40:57.743Z INFO webdriver: RESULT {
  error: 'no such element',
  message: 'An element could not be located on the page using the given search parameters.',
  stacktrace: 'NoSuchElementError: An element could not be located on the page using the given search parameters.\n' +
    '    at AndroidUiautomator2Driver.findElOrEls (C:\\Repositorios\\webDriverIOMobile\\node_modules\\appium-uiautomator2-driver\\node_modules\\appium-android-driver\\lib\\commands\\find.ts:86:11)\n' +
    '    at processTicksAndRejections (node:internal/process/task_queues:95:5)\n' +
    '    at AndroidUiautomator2Driver.findElOrElsWithProcessing (C:\\Repositorios\\webDriverIOMobile\\node_modules\\appium-uiautomator2-driver\\node_modules\\@appium\\base-driver\\lib\\basedriver\\commands\\find.ts:60:12)\n' +
    '    at AndroidUiautomator2Driver.findElement (C:\\Repositorios\\webDriverIOMobile\\node_modules\\appium-uiautomator2-driver\\node_modules\\@appium\\base-driver\\lib\\basedriver\\commands\\find.ts:75:12)'
}
2026-07-30T02:40:57.745Z INFO webdriver: COMMAND findElements("accessibility id", "switch")
2026-07-30T02:40:57.746Z INFO webdriver: [POST] http://127.0.0.1:4723/session/84d1eb51-3b80-4baf-a0ac-13a3512ad17e/elements
2026-07-30T02:40:57.746Z INFO webdriver: DATA {"using":"accessibility id","value":"switch"}
2026-07-30T02:40:57.858Z INFO webdriver: RESULT [
  {
    'element-6066-11e4-a52e-4f735466cecf': '00000000-0000-00eb-ffff-ffff00000051',
    ELEMENT: '00000000-0000-00eb-ffff-ffff00000051'
  }
]
2026-07-30T02:40:57.860Z INFO webdriver: COMMAND findElement("accessibility id", "switch")
2026-07-30T02:40:57.860Z INFO webdriver: [POST] http://127.0.0.1:4723/session/84d1eb51-3b80-4baf-a0ac-13a3512ad17e/element
2026-07-30T02:40:57.860Z INFO webdriver: DATA {"using":"accessibility id","value":"switch"}
2026-07-30T02:40:58.308Z INFO webdriver: RESULT {
  'element-6066-11e4-a52e-4f735466cecf': '00000000-0000-00eb-ffff-ffff00000051',
  ELEMENT: '00000000-0000-00eb-ffff-ffff00000051'
}
2026-07-30T02:40:58.309Z INFO webdriver: COMMAND findElement("accessibility id", "switch")
2026-07-30T02:40:58.310Z INFO webdriver: [POST] http://127.0.0.1:4723/session/84d1eb51-3b80-4baf-a0ac-13a3512ad17e/element
2026-07-30T02:40:58.310Z INFO webdriver: DATA {"using":"accessibility id","value":"switch"}
2026-07-30T02:40:58.337Z INFO webdriver: RESULT {
  'element-6066-11e4-a52e-4f735466cecf': '00000000-0000-00eb-ffff-ffff00000051',
  ELEMENT: '00000000-0000-00eb-ffff-ffff00000051'
}
2026-07-30T02:40:58.338Z INFO webdriver: COMMAND elementClick("00000000-0000-00eb-ffff-ffff00000051")
2026-07-30T02:40:58.338Z INFO webdriver: [POST] http://127.0.0.1:4723/session/84d1eb51-3b80-4baf-a0ac-13a3512ad17e/element/00000000-0000-00eb-ffff-ffff00000051/click
2026-07-30T02:40:58.338Z INFO webdriver: DATA {}
2026-07-30T02:40:58.415Z INFO webdriver: RESULT null
2026-07-30T02:40:58.416Z INFO webdriver: COMMAND findElement("accessibility id", "switch-text")
2026-07-30T02:40:58.417Z INFO webdriver: [POST] http://127.0.0.1:4723/session/84d1eb51-3b80-4baf-a0ac-13a3512ad17e/element
2026-07-30T02:40:58.417Z INFO webdriver: DATA {"using":"accessibility id","value":"switch-text"}
2026-07-30T02:40:58.542Z INFO webdriver: RESULT {
  'element-6066-11e4-a52e-4f735466cecf': '00000000-0000-00eb-ffff-ffff00000052',
  ELEMENT: '00000000-0000-00eb-ffff-ffff00000052'
}
2026-07-30T02:40:58.543Z INFO webdriver: COMMAND getElementText("00000000-0000-00eb-ffff-ffff00000052")
2026-07-30T02:40:58.543Z INFO webdriver: [GET] http://127.0.0.1:4723/session/84d1eb51-3b80-4baf-a0ac-13a3512ad17e/element/00000000-0000-00eb-ffff-ffff00000052/text
2026-07-30T02:40:59.026Z INFO webdriver: RESULT Click to turn the switch OFF
2026-07-30T02:40:59.027Z INFO webdriver: COMMAND findElement("accessibility id", "switch")
2026-07-30T02:40:59.027Z INFO webdriver: [POST] http://127.0.0.1:4723/session/84d1eb51-3b80-4baf-a0ac-13a3512ad17e/element
2026-07-30T02:40:59.027Z INFO webdriver: DATA {"using":"accessibility id","value":"switch"}
2026-07-30T02:40:59.049Z INFO webdriver: RESULT {
  'element-6066-11e4-a52e-4f735466cecf': '00000000-0000-00eb-ffff-ffff00000051',
  ELEMENT: '00000000-0000-00eb-ffff-ffff00000051'
}
2026-07-30T02:40:59.051Z INFO webdriver: COMMAND elementClick("00000000-0000-00eb-ffff-ffff00000051")
2026-07-30T02:40:59.051Z INFO webdriver: [POST] http://127.0.0.1:4723/session/84d1eb51-3b80-4baf-a0ac-13a3512ad17e/element/00000000-0000-00eb-ffff-ffff00000051/click
2026-07-30T02:40:59.051Z INFO webdriver: DATA {}
2026-07-30T02:40:59.134Z INFO webdriver: RESULT null
2026-07-30T02:40:59.135Z INFO webdriver: COMMAND findElement("accessibility id", "switch-text")
2026-07-30T02:40:59.135Z INFO webdriver: [POST] http://127.0.0.1:4723/session/84d1eb51-3b80-4baf-a0ac-13a3512ad17e/element
2026-07-30T02:40:59.135Z INFO webdriver: DATA {"using":"accessibility id","value":"switch-text"}
2026-07-30T02:40:59.749Z INFO webdriver: RESULT {
  'element-6066-11e4-a52e-4f735466cecf': '00000000-0000-00eb-ffff-ffff00000052',
  ELEMENT: '00000000-0000-00eb-ffff-ffff00000052'
}
2026-07-30T02:40:59.751Z INFO webdriver: COMMAND getElementText("00000000-0000-00eb-ffff-ffff00000052")
2026-07-30T02:40:59.751Z INFO webdriver: [GET] http://127.0.0.1:4723/session/84d1eb51-3b80-4baf-a0ac-13a3512ad17e/element/00000000-0000-00eb-ffff-ffff00000052/text
2026-07-30T02:40:59.774Z INFO webdriver: RESULT Click to turn the switch ON
2026-07-30T02:40:59.776Z INFO webdriver: COMMAND terminateApp("com.wdiodemoapp")
2026-07-30T02:40:59.776Z INFO webdriver: [POST] http://127.0.0.1:4723/session/84d1eb51-3b80-4baf-a0ac-13a3512ad17e/appium/device/terminate_app
2026-07-30T02:40:59.776Z INFO webdriver: DATA {"appId":"com.wdiodemoapp"}
2026-07-30T02:41:00.128Z INFO webdriver: RESULT true
2026-07-30T02:41:00.128Z INFO webdriver: COMMAND activateApp("com.wdiodemoapp")
2026-07-30T02:41:00.128Z INFO webdriver: [POST] http://127.0.0.1:4723/session/84d1eb51-3b80-4baf-a0ac-13a3512ad17e/appium/device/activate_app
2026-07-30T02:41:00.128Z INFO webdriver: DATA {"appId":"com.wdiodemoapp"}
2026-07-30T02:41:00.288Z INFO webdriver: RESULT null
2026-07-30T02:41:00.289Z INFO webdriver: COMMAND findElement("accessibility id", "Forms")
2026-07-30T02:41:00.289Z INFO webdriver: [POST] http://127.0.0.1:4723/session/84d1eb51-3b80-4baf-a0ac-13a3512ad17e/element
2026-07-30T02:41:00.289Z INFO webdriver: DATA {"using":"accessibility id","value":"Forms"}
2026-07-30T02:41:02.305Z INFO webdriver: RESULT {
  'element-6066-11e4-a52e-4f735466cecf': '00000000-0000-00ed-ffff-ffff00000025',
  ELEMENT: '00000000-0000-00ed-ffff-ffff00000025'
}
2026-07-30T02:41:02.307Z INFO webdriver: COMMAND elementClick("00000000-0000-00ed-ffff-ffff00000025")
2026-07-30T02:41:02.307Z INFO webdriver: [POST] http://127.0.0.1:4723/session/84d1eb51-3b80-4baf-a0ac-13a3512ad17e/element/00000000-0000-00ed-ffff-ffff00000025/click
2026-07-30T02:41:02.307Z INFO webdriver: DATA {}
2026-07-30T02:41:02.382Z INFO webdriver: RESULT null
2026-07-30T02:41:02.382Z INFO webdriver: COMMAND findElement("accessibility id", "text-input")
2026-07-30T02:41:02.383Z INFO webdriver: [POST] http://127.0.0.1:4723/session/84d1eb51-3b80-4baf-a0ac-13a3512ad17e/element
2026-07-30T02:41:02.383Z INFO webdriver: DATA {"using":"accessibility id","value":"text-input"}
2026-07-30T02:41:02.500Z INFO webdriver: RESULT {
  'element-6066-11e4-a52e-4f735466cecf': '00000000-0000-00ed-ffff-ffff0000004b',
  ELEMENT: '00000000-0000-00ed-ffff-ffff0000004b'
}
2026-07-30T02:41:02.501Z INFO webdriver: COMMAND elementClear("00000000-0000-00ed-ffff-ffff0000004b")
2026-07-30T02:41:02.502Z INFO webdriver: [POST] http://127.0.0.1:4723/session/84d1eb51-3b80-4baf-a0ac-13a3512ad17e/element/00000000-0000-00ed-ffff-ffff0000004b/clear
2026-07-30T02:41:02.502Z INFO webdriver: DATA {}
2026-07-30T02:41:02.969Z INFO webdriver: RESULT null
2026-07-30T02:41:02.970Z INFO webdriver: COMMAND elementSendKeys("00000000-0000-00ed-ffff-ffff0000004b", "Texto temporal")
2026-07-30T02:41:02.970Z INFO webdriver: [POST] http://127.0.0.1:4723/session/84d1eb51-3b80-4baf-a0ac-13a3512ad17e/element/00000000-0000-00ed-ffff-ffff0000004b/value
2026-07-30T02:41:02.970Z INFO webdriver: DATA {"text":"Texto temporal"}
2026-07-30T02:41:03.992Z INFO webdriver: RESULT null
2026-07-30T02:41:03.993Z INFO webdriver: COMMAND findElement("accessibility id", "text-input")
2026-07-30T02:41:03.994Z INFO webdriver: [POST] http://127.0.0.1:4723/session/84d1eb51-3b80-4baf-a0ac-13a3512ad17e/element
2026-07-30T02:41:03.994Z INFO webdriver: DATA {"using":"accessibility id","value":"text-input"}
2026-07-30T02:41:04.608Z INFO webdriver: RESULT {
  'element-6066-11e4-a52e-4f735466cecf': '00000000-0000-00ed-ffff-ffff0000004b',
  ELEMENT: '00000000-0000-00ed-ffff-ffff0000004b'
}
2026-07-30T02:41:04.610Z INFO webdriver: COMMAND elementClear("00000000-0000-00ed-ffff-ffff0000004b")
2026-07-30T02:41:04.610Z INFO webdriver: [POST] http://127.0.0.1:4723/session/84d1eb51-3b80-4baf-a0ac-13a3512ad17e/element/00000000-0000-00ed-ffff-ffff0000004b/clear
2026-07-30T02:41:04.610Z INFO webdriver: DATA {}
2026-07-30T02:41:04.624Z INFO webdriver: RESULT null
2026-07-30T02:41:04.625Z INFO webdriver: COMMAND findElement("accessibility id", "input-text-result")
2026-07-30T02:41:04.625Z INFO webdriver: [POST] http://127.0.0.1:4723/session/84d1eb51-3b80-4baf-a0ac-13a3512ad17e/element
2026-07-30T02:41:04.625Z INFO webdriver: DATA {"using":"accessibility id","value":"input-text-result"}
2026-07-30T02:41:05.235Z INFO webdriver: RESULT {
  'element-6066-11e4-a52e-4f735466cecf': '00000000-0000-00ed-ffff-ffff0000004e',
  ELEMENT: '00000000-0000-00ed-ffff-ffff0000004e'
}
2026-07-30T02:41:05.237Z INFO webdriver: COMMAND getElementText("00000000-0000-00ed-ffff-ffff0000004e")
2026-07-30T02:41:05.237Z INFO webdriver: [GET] http://127.0.0.1:4723/session/84d1eb51-3b80-4baf-a0ac-13a3512ad17e/element/00000000-0000-00ed-ffff-ffff0000004e/text
2026-07-30T02:41:05.248Z INFO webdriver: RESULT 
2026-07-30T02:41:05.249Z INFO webdriver: COMMAND terminateApp("com.wdiodemoapp")
2026-07-30T02:41:05.249Z INFO webdriver: [POST] http://127.0.0.1:4723/session/84d1eb51-3b80-4baf-a0ac-13a3512ad17e/appium/device/terminate_app
2026-07-30T02:41:05.249Z INFO webdriver: DATA {"appId":"com.wdiodemoapp"}
2026-07-30T02:41:05.597Z INFO webdriver: RESULT true
2026-07-30T02:41:05.597Z INFO webdriver: COMMAND activateApp("com.wdiodemoapp")
2026-07-30T02:41:05.597Z INFO webdriver: [POST] http://127.0.0.1:4723/session/84d1eb51-3b80-4baf-a0ac-13a3512ad17e/appium/device/activate_app
2026-07-30T02:41:05.597Z INFO webdriver: DATA {"appId":"com.wdiodemoapp"}
2026-07-30T02:41:05.734Z INFO webdriver: RESULT null
2026-07-30T02:41:05.735Z INFO webdriver: COMMAND findElement("accessibility id", "Forms")
2026-07-30T02:41:05.736Z INFO webdriver: [POST] http://127.0.0.1:4723/session/84d1eb51-3b80-4baf-a0ac-13a3512ad17e/element
2026-07-30T02:41:05.736Z INFO webdriver: DATA {"using":"accessibility id","value":"Forms"}
2026-07-30T02:41:07.754Z INFO webdriver: RESULT {
  'element-6066-11e4-a52e-4f735466cecf': '00000000-0000-00ef-ffff-ffff00000025',
  ELEMENT: '00000000-0000-00ef-ffff-ffff00000025'
}
2026-07-30T02:41:07.755Z INFO webdriver: COMMAND elementClick("00000000-0000-00ef-ffff-ffff00000025")
2026-07-30T02:41:07.756Z INFO webdriver: [POST] http://127.0.0.1:4723/session/84d1eb51-3b80-4baf-a0ac-13a3512ad17e/element/00000000-0000-00ef-ffff-ffff00000025/click
2026-07-30T02:41:07.756Z INFO webdriver: DATA {}
2026-07-30T02:41:07.831Z INFO webdriver: RESULT null
2026-07-30T02:41:07.832Z INFO webdriver: COMMAND findElement("accessibility id", "Dropdown")
2026-07-30T02:41:07.832Z INFO webdriver: [POST] http://127.0.0.1:4723/session/84d1eb51-3b80-4baf-a0ac-13a3512ad17e/element
2026-07-30T02:41:07.832Z INFO webdriver: DATA {"using":"accessibility id","value":"Dropdown"}
2026-07-30T02:41:08.005Z INFO webdriver: RESULT {
  'element-6066-11e4-a52e-4f735466cecf': '00000000-0000-00ef-ffff-ffff00000055',
  ELEMENT: '00000000-0000-00ef-ffff-ffff00000055'
}
2026-07-30T02:41:08.006Z INFO webdriver: COMMAND elementClick("00000000-0000-00ef-ffff-ffff00000055")
2026-07-30T02:41:08.006Z INFO webdriver: [POST] http://127.0.0.1:4723/session/84d1eb51-3b80-4baf-a0ac-13a3512ad17e/element/00000000-0000-00ef-ffff-ffff00000055/click
2026-07-30T02:41:08.006Z INFO webdriver: DATA {}
2026-07-30T02:41:08.486Z INFO webdriver: RESULT null
2026-07-30T02:41:08.486Z INFO webdriver: COMMAND findElement("xpath", "//android.widget.TextView[@text="webdriver.io is awesome"]")
2026-07-30T02:41:08.486Z INFO webdriver: [POST] http://127.0.0.1:4723/session/84d1eb51-3b80-4baf-a0ac-13a3512ad17e/element
2026-07-30T02:41:08.486Z INFO webdriver: DATA {"using":"xpath","value":"//android.widget.TextView[@text=\"webdriver.io is awesome\"]"}
2026-07-30T02:41:09.637Z INFO webdriver: RESULT {
  error: 'no such element',
  message: 'An element could not be located on the page using the given search parameters.',
  stacktrace: 'NoSuchElementError: An element could not be located on the page using the given search parameters.\n' +
    '    at AndroidUiautomator2Driver.findElOrEls (C:\\Repositorios\\webDriverIOMobile\\node_modules\\appium-uiautomator2-driver\\node_modules\\appium-android-driver\\lib\\commands\\find.ts:86:11)\n' +
    '    at processTicksAndRejections (node:internal/process/task_queues:95:5)\n' +
    '    at AndroidUiautomator2Driver.findElOrElsWithProcessing (C:\\Repositorios\\webDriverIOMobile\\node_modules\\appium-uiautomator2-driver\\node_modules\\@appium\\base-driver\\lib\\basedriver\\commands\\find.ts:60:12)\n' +
    '    at AndroidUiautomator2Driver.findElement (C:\\Repositorios\\webDriverIOMobile\\node_modules\\appium-uiautomator2-driver\\node_modules\\@appium\\base-driver\\lib\\basedriver\\commands\\find.ts:75:12)'
}
2026-07-30T02:41:09.639Z INFO webdriver: COMMAND findElement("xpath", "//android.widget.TextView[@text="webdriver.io is awesome"]")
2026-07-30T02:41:09.639Z INFO webdriver: [POST] http://127.0.0.1:4723/session/84d1eb51-3b80-4baf-a0ac-13a3512ad17e/element
2026-07-30T02:41:09.639Z INFO webdriver: DATA {"using":"xpath","value":"//android.widget.TextView[@text=\"webdriver.io is awesome\"]"}
2026-07-30T02:41:09.693Z INFO webdriver: RESULT {
  error: 'no such element',
  message: 'An element could not be located on the page using the given search parameters.',
  stacktrace: 'NoSuchElementError: An element could not be located on the page using the given search parameters.\n' +
    '    at AndroidUiautomator2Driver.findElOrEls (C:\\Repositorios\\webDriverIOMobile\\node_modules\\appium-uiautomator2-driver\\node_modules\\appium-android-driver\\lib\\commands\\find.ts:86:11)\n' +
    '    at processTicksAndRejections (node:internal/process/task_queues:95:5)\n' +
    '    at AndroidUiautomator2Driver.findElOrElsWithProcessing (C:\\Repositorios\\webDriverIOMobile\\node_modules\\appium-uiautomator2-driver\\node_modules\\@appium\\base-driver\\lib\\basedriver\\commands\\find.ts:60:12)\n' +
    '    at AndroidUiautomator2Driver.findElement (C:\\Repositorios\\webDriverIOMobile\\node_modules\\appium-uiautomator2-driver\\node_modules\\@appium\\base-driver\\lib\\basedriver\\commands\\find.ts:75:12)'
}
2026-07-30T02:41:09.754Z INFO webdriver: COMMAND findElement("xpath", "//android.widget.TextView[@text="webdriver.io is awesome"]")
2026-07-30T02:41:09.754Z INFO webdriver: [POST] http://127.0.0.1:4723/session/84d1eb51-3b80-4baf-a0ac-13a3512ad17e/element
2026-07-30T02:41:09.754Z INFO webdriver: DATA {"using":"xpath","value":"//android.widget.TextView[@text=\"webdriver.io is awesome\"]"}
2026-07-30T02:41:09.793Z INFO webdriver: RESULT {
  error: 'no such element',
  message: 'An element could not be located on the page using the given search parameters.',
  stacktrace: 'NoSuchElementError: An element could not be located on the page using the given search parameters.\n' +
    '    at AndroidUiautomator2Driver.findElOrEls (C:\\Repositorios\\webDriverIOMobile\\node_modules\\appium-uiautomator2-driver\\node_modules\\appium-android-driver\\lib\\commands\\find.ts:86:11)\n' +
    '    at processTicksAndRejections (node:internal/process/task_queues:95:5)\n' +
    '    at AndroidUiautomator2Driver.findElOrElsWithProcessing (C:\\Repositorios\\webDriverIOMobile\\node_modules\\appium-uiautomator2-driver\\node_modules\\@appium\\base-driver\\lib\\basedriver\\commands\\find.ts:60:12)\n' +
    '    at AndroidUiautomator2Driver.findElement (C:\\Repositorios\\webDriverIOMobile\\node_modules\\appium-uiautomator2-driver\\node_modules\\@appium\\base-driver\\lib\\basedriver\\commands\\find.ts:75:12)'
}
2026-07-30T02:41:09.847Z INFO webdriver: COMMAND findElement("xpath", "//android.widget.TextView[@text="webdriver.io is awesome"]")
2026-07-30T02:41:09.847Z INFO webdriver: [POST] http://127.0.0.1:4723/session/84d1eb51-3b80-4baf-a0ac-13a3512ad17e/element
2026-07-30T02:41:09.847Z INFO webdriver: DATA {"using":"xpath","value":"//android.widget.TextView[@text=\"webdriver.io is awesome\"]"}
2026-07-30T02:41:09.892Z INFO webdriver: RESULT {
  error: 'no such element',
  message: 'An element could not be located on the page using the given search parameters.',
  stacktrace: 'NoSuchElementError: An element could not be located on the page using the given search parameters.\n' +
    '    at AndroidUiautomator2Driver.findElOrEls (C:\\Repositorios\\webDriverIOMobile\\node_modules\\appium-uiautomator2-driver\\node_modules\\appium-android-driver\\lib\\commands\\find.ts:86:11)\n' +
    '    at processTicksAndRejections (node:internal/process/task_queues:95:5)\n' +
    '    at AndroidUiautomator2Driver.findElOrElsWithProcessing (C:\\Repositorios\\webDriverIOMobile\\node_modules\\appium-uiautomator2-driver\\node_modules\\@appium\\base-driver\\lib\\basedriver\\commands\\find.ts:60:12)\n' +
    '    at AndroidUiautomator2Driver.findElement (C:\\Repositorios\\webDriverIOMobile\\node_modules\\appium-uiautomator2-driver\\node_modules\\@appium\\base-driver\\lib\\basedriver\\commands\\find.ts:75:12)'
}
2026-07-30T02:41:09.942Z INFO webdriver: COMMAND findElement("xpath", "//android.widget.TextView[@text="webdriver.io is awesome"]")
2026-07-30T02:41:09.942Z INFO webdriver: [POST] http://127.0.0.1:4723/session/84d1eb51-3b80-4baf-a0ac-13a3512ad17e/element
2026-07-30T02:41:09.942Z INFO webdriver: DATA {"using":"xpath","value":"//android.widget.TextView[@text=\"webdriver.io is awesome\"]"}
2026-07-30T02:41:09.986Z INFO webdriver: RESULT {
  error: 'no such element',
  message: 'An element could not be located on the page using the given search parameters.',
  stacktrace: 'NoSuchElementError: An element could not be located on the page using the given search parameters.\n' +
    '    at AndroidUiautomator2Driver.findElOrEls (C:\\Repositorios\\webDriverIOMobile\\node_modules\\appium-uiautomator2-driver\\node_modules\\appium-android-driver\\lib\\commands\\find.ts:86:11)\n' +
    '    at processTicksAndRejections (node:internal/process/task_queues:95:5)\n' +
    '    at AndroidUiautomator2Driver.findElOrElsWithProcessing (C:\\Repositorios\\webDriverIOMobile\\node_modules\\appium-uiautomator2-driver\\node_modules\\@appium\\base-driver\\lib\\basedriver\\commands\\find.ts:60:12)\n' +
    '    at AndroidUiautomator2Driver.findElement (C:\\Repositorios\\webDriverIOMobile\\node_modules\\appium-uiautomator2-driver\\node_modules\\@appium\\base-driver\\lib\\basedriver\\commands\\find.ts:75:12)'
}
2026-07-30T02:41:10.051Z INFO webdriver: COMMAND findElement("xpath", "//android.widget.TextView[@text="webdriver.io is awesome"]")
2026-07-30T02:41:10.052Z INFO webdriver: [POST] http://127.0.0.1:4723/session/84d1eb51-3b80-4baf-a0ac-13a3512ad17e/element
2026-07-30T02:41:10.052Z INFO webdriver: DATA {"using":"xpath","value":"//android.widget.TextView[@text=\"webdriver.io is awesome\"]"}
2026-07-30T02:41:10.094Z INFO webdriver: RESULT {
  error: 'no such element',
  message: 'An element could not be located on the page using the given search parameters.',
  stacktrace: 'NoSuchElementError: An element could not be located on the page using the given search parameters.\n' +
    '    at AndroidUiautomator2Driver.findElOrEls (C:\\Repositorios\\webDriverIOMobile\\node_modules\\appium-uiautomator2-driver\\node_modules\\appium-android-driver\\lib\\commands\\find.ts:86:11)\n' +
    '    at processTicksAndRejections (node:internal/process/task_queues:95:5)\n' +
    '    at AndroidUiautomator2Driver.findElOrElsWithProcessing (C:\\Repositorios\\webDriverIOMobile\\node_modules\\appium-uiautomator2-driver\\node_modules\\@appium\\base-driver\\lib\\basedriver\\commands\\find.ts:60:12)\n' +
    '    at AndroidUiautomator2Driver.findElement (C:\\Repositorios\\webDriverIOMobile\\node_modules\\appium-uiautomator2-driver\\node_modules\\@appium\\base-driver\\lib\\basedriver\\commands\\find.ts:75:12)'
}
2026-07-30T02:41:10.145Z INFO webdriver: COMMAND findElement("xpath", "//android.widget.TextView[@text="webdriver.io is awesome"]")
2026-07-30T02:41:10.145Z INFO webdriver: [POST] http://127.0.0.1:4723/session/84d1eb51-3b80-4baf-a0ac-13a3512ad17e/element
2026-07-30T02:41:10.145Z INFO webdriver: DATA {"using":"xpath","value":"//android.widget.TextView[@text=\"webdriver.io is awesome\"]"}
2026-07-30T02:41:10.182Z INFO webdriver: RESULT {
  error: 'no such element',
  message: 'An element could not be located on the page using the given search parameters.',
  stacktrace: 'NoSuchElementError: An element could not be located on the page using the given search parameters.\n' +
    '    at AndroidUiautomator2Driver.findElOrEls (C:\\Repositorios\\webDriverIOMobile\\node_modules\\appium-uiautomator2-driver\\node_modules\\appium-android-driver\\lib\\commands\\find.ts:86:11)\n' +
    '    at processTicksAndRejections (node:internal/process/task_queues:95:5)\n' +
    '    at AndroidUiautomator2Driver.findElOrElsWithProcessing (C:\\Repositorios\\webDriverIOMobile\\node_modules\\appium-uiautomator2-driver\\node_modules\\@appium\\base-driver\\lib\\basedriver\\commands\\find.ts:60:12)\n' +
    '    at AndroidUiautomator2Driver.findElement (C:\\Repositorios\\webDriverIOMobile\\node_modules\\appium-uiautomator2-driver\\node_modules\\@appium\\base-driver\\lib\\basedriver\\commands\\find.ts:75:12)'
}
2026-07-30T02:41:10.254Z INFO webdriver: COMMAND findElement("xpath", "//android.widget.TextView[@text="webdriver.io is awesome"]")
2026-07-30T02:41:10.254Z INFO webdriver: [POST] http://127.0.0.1:4723/session/84d1eb51-3b80-4baf-a0ac-13a3512ad17e/element
2026-07-30T02:41:10.254Z INFO webdriver: DATA {"using":"xpath","value":"//android.widget.TextView[@text=\"webdriver.io is awesome\"]"}
2026-07-30T02:41:10.293Z INFO webdriver: RESULT {
  error: 'no such element',
  message: 'An element could not be located on the page using the given search parameters.',
  stacktrace: 'NoSuchElementError: An element could not be located on the page using the given search parameters.\n' +
    '    at AndroidUiautomator2Driver.findElOrEls (C:\\Repositorios\\webDriverIOMobile\\node_modules\\appium-uiautomator2-driver\\node_modules\\appium-android-driver\\lib\\commands\\find.ts:86:11)\n' +
    '    at processTicksAndRejections (node:internal/process/task_queues:95:5)\n' +
    '    at AndroidUiautomator2Driver.findElOrElsWithProcessing (C:\\Repositorios\\webDriverIOMobile\\node_modules\\appium-uiautomator2-driver\\node_modules\\@appium\\base-driver\\lib\\basedriver\\commands\\find.ts:60:12)\n' +
    '    at AndroidUiautomator2Driver.findElement (C:\\Repositorios\\webDriverIOMobile\\node_modules\\appium-uiautomator2-driver\\node_modules\\@appium\\base-driver\\lib\\basedriver\\commands\\find.ts:75:12)'
}
2026-07-30T02:41:10.346Z INFO webdriver: COMMAND findElement("xpath", "//android.widget.TextView[@text="webdriver.io is awesome"]")
2026-07-30T02:41:10.346Z INFO webdriver: [POST] http://127.0.0.1:4723/session/84d1eb51-3b80-4baf-a0ac-13a3512ad17e/element
2026-07-30T02:41:10.346Z INFO webdriver: DATA {"using":"xpath","value":"//android.widget.TextView[@text=\"webdriver.io is awesome\"]"}
2026-07-30T02:41:10.408Z INFO webdriver: RESULT {
  error: 'no such element',
  message: 'An element could not be located on the page using the given search parameters.',
  stacktrace: 'NoSuchElementError: An element could not be located on the page using the given search parameters.\n' +
    '    at AndroidUiautomator2Driver.findElOrEls (C:\\Repositorios\\webDriverIOMobile\\node_modules\\appium-uiautomator2-driver\\node_modules\\appium-android-driver\\lib\\commands\\find.ts:86:11)\n' +
    '    at processTicksAndRejections (node:internal/process/task_queues:95:5)\n' +
    '    at AndroidUiautomator2Driver.findElOrElsWithProcessing (C:\\Repositorios\\webDriverIOMobile\\node_modules\\appium-uiautomator2-driver\\node_modules\\@appium\\base-driver\\lib\\basedriver\\commands\\find.ts:60:12)\n' +
    '    at AndroidUiautomator2Driver.findElement (C:\\Repositorios\\webDriverIOMobile\\node_modules\\appium-uiautomator2-driver\\node_modules\\@appium\\base-driver\\lib\\basedriver\\commands\\find.ts:75:12)'
}
2026-07-30T02:41:10.441Z INFO webdriver: COMMAND findElement("xpath", "//android.widget.TextView[@text="webdriver.io is awesome"]")
2026-07-30T02:41:10.441Z INFO webdriver: [POST] http://127.0.0.1:4723/session/84d1eb51-3b80-4baf-a0ac-13a3512ad17e/element
2026-07-30T02:41:10.441Z INFO webdriver: DATA {"using":"xpath","value":"//android.widget.TextView[@text=\"webdriver.io is awesome\"]"}
2026-07-30T02:41:10.483Z INFO webdriver: RESULT {
  error: 'no such element',
  message: 'An element could not be located on the page using the given search parameters.',
  stacktrace: 'NoSuchElementError: An element could not be located on the page using the given search parameters.\n' +
    '    at AndroidUiautomator2Driver.findElOrEls (C:\\Repositorios\\webDriverIOMobile\\node_modules\\appium-uiautomator2-driver\\node_modules\\appium-android-driver\\lib\\commands\\find.ts:86:11)\n' +
    '    at processTicksAndRejections (node:internal/process/task_queues:95:5)\n' +
    '    at AndroidUiautomator2Driver.findElOrElsWithProcessing (C:\\Repositorios\\webDriverIOMobile\\node_modules\\appium-uiautomator2-driver\\node_modules\\@appium\\base-driver\\lib\\basedriver\\commands\\find.ts:60:12)\n' +
    '    at AndroidUiautomator2Driver.findElement (C:\\Repositorios\\webDriverIOMobile\\node_modules\\appium-uiautomator2-driver\\node_modules\\@appium\\base-driver\\lib\\basedriver\\commands\\find.ts:75:12)'
}
2026-07-30T02:41:10.551Z INFO webdriver: COMMAND findElement("xpath", "//android.widget.TextView[@text="webdriver.io is awesome"]")
2026-07-30T02:41:10.551Z INFO webdriver: [POST] http://127.0.0.1:4723/session/84d1eb51-3b80-4baf-a0ac-13a3512ad17e/element
2026-07-30T02:41:10.551Z INFO webdriver: DATA {"using":"xpath","value":"//android.widget.TextView[@text=\"webdriver.io is awesome\"]"}
2026-07-30T02:41:10.592Z INFO webdriver: RESULT {
  error: 'no such element',
  message: 'An element could not be located on the page using the given search parameters.',
  stacktrace: 'NoSuchElementError: An element could not be located on the page using the given search parameters.\n' +
    '    at AndroidUiautomator2Driver.findElOrEls (C:\\Repositorios\\webDriverIOMobile\\node_modules\\appium-uiautomator2-driver\\node_modules\\appium-android-driver\\lib\\commands\\find.ts:86:11)\n' +
    '    at processTicksAndRejections (node:internal/process/task_queues:95:5)\n' +
    '    at AndroidUiautomator2Driver.findElOrElsWithProcessing (C:\\Repositorios\\webDriverIOMobile\\node_modules\\appium-uiautomator2-driver\\node_modules\\@appium\\base-driver\\lib\\basedriver\\commands\\find.ts:60:12)\n' +
    '    at AndroidUiautomator2Driver.findElement (C:\\Repositorios\\webDriverIOMobile\\node_modules\\appium-uiautomator2-driver\\node_modules\\@appium\\base-driver\\lib\\basedriver\\commands\\find.ts:75:12)'
}
2026-07-30T02:41:10.645Z INFO webdriver: COMMAND findElement("xpath", "//android.widget.TextView[@text="webdriver.io is awesome"]")
2026-07-30T02:41:10.645Z INFO webdriver: [POST] http://127.0.0.1:4723/session/84d1eb51-3b80-4baf-a0ac-13a3512ad17e/element
2026-07-30T02:41:10.645Z INFO webdriver: DATA {"using":"xpath","value":"//android.widget.TextView[@text=\"webdriver.io is awesome\"]"}
2026-07-30T02:41:10.667Z INFO webdriver: RESULT {
  error: 'no such element',
  message: 'An element could not be located on the page using the given search parameters.',
  stacktrace: 'NoSuchElementError: An element could not be located on the page using the given search parameters.\n' +
    '    at AndroidUiautomator2Driver.findElOrEls (C:\\Repositorios\\webDriverIOMobile\\node_modules\\appium-uiautomator2-driver\\node_modules\\appium-android-driver\\lib\\commands\\find.ts:86:11)\n' +
    '    at processTicksAndRejections (node:internal/process/task_queues:95:5)\n' +
    '    at AndroidUiautomator2Driver.findElOrElsWithProcessing (C:\\Repositorios\\webDriverIOMobile\\node_modules\\appium-uiautomator2-driver\\node_modules\\@appium\\base-driver\\lib\\basedriver\\commands\\find.ts:60:12)\n' +
    '    at AndroidUiautomator2Driver.findElement (C:\\Repositorios\\webDriverIOMobile\\node_modules\\appium-uiautomator2-driver\\node_modules\\@appium\\base-driver\\lib\\basedriver\\commands\\find.ts:75:12)'
}
2026-07-30T02:41:10.755Z INFO webdriver: COMMAND findElement("xpath", "//android.widget.TextView[@text="webdriver.io is awesome"]")
2026-07-30T02:41:10.756Z INFO webdriver: [POST] http://127.0.0.1:4723/session/84d1eb51-3b80-4baf-a0ac-13a3512ad17e/element
2026-07-30T02:41:10.756Z INFO webdriver: DATA {"using":"xpath","value":"//android.widget.TextView[@text=\"webdriver.io is awesome\"]"}
2026-07-30T02:41:10.783Z INFO webdriver: RESULT {
  error: 'no such element',
  message: 'An element could not be located on the page using the given search parameters.',
  stacktrace: 'NoSuchElementError: An element could not be located on the page using the given search parameters.\n' +
    '    at AndroidUiautomator2Driver.findElOrEls (C:\\Repositorios\\webDriverIOMobile\\node_modules\\appium-uiautomator2-driver\\node_modules\\appium-android-driver\\lib\\commands\\find.ts:86:11)\n' +
    '    at processTicksAndRejections (node:internal/process/task_queues:95:5)\n' +
    '    at AndroidUiautomator2Driver.findElOrElsWithProcessing (C:\\Repositorios\\webDriverIOMobile\\node_modules\\appium-uiautomator2-driver\\node_modules\\@appium\\base-driver\\lib\\basedriver\\commands\\find.ts:60:12)\n' +
    '    at AndroidUiautomator2Driver.findElement (C:\\Repositorios\\webDriverIOMobile\\node_modules\\appium-uiautomator2-driver\\node_modules\\@appium\\base-driver\\lib\\basedriver\\commands\\find.ts:75:12)'
}
2026-07-30T02:41:10.851Z INFO webdriver: COMMAND findElement("xpath", "//android.widget.TextView[@text="webdriver.io is awesome"]")
2026-07-30T02:41:10.851Z INFO webdriver: [POST] http://127.0.0.1:4723/session/84d1eb51-3b80-4baf-a0ac-13a3512ad17e/element
2026-07-30T02:41:10.851Z INFO webdriver: DATA {"using":"xpath","value":"//android.widget.TextView[@text=\"webdriver.io is awesome\"]"}
2026-07-30T02:41:10.893Z INFO webdriver: RESULT {
  error: 'no such element',
  message: 'An element could not be located on the page using the given search parameters.',
  stacktrace: 'NoSuchElementError: An element could not be located on the page using the given search parameters.\n' +
    '    at AndroidUiautomator2Driver.findElOrEls (C:\\Repositorios\\webDriverIOMobile\\node_modules\\appium-uiautomator2-driver\\node_modules\\appium-android-driver\\lib\\commands\\find.ts:86:11)\n' +
    '    at processTicksAndRejections (node:internal/process/task_queues:95:5)\n' +
    '    at AndroidUiautomator2Driver.findElOrElsWithProcessing (C:\\Repositorios\\webDriverIOMobile\\node_modules\\appium-uiautomator2-driver\\node_modules\\@appium\\base-driver\\lib\\basedriver\\commands\\find.ts:60:12)\n' +
    '    at AndroidUiautomator2Driver.findElement (C:\\Repositorios\\webDriverIOMobile\\node_modules\\appium-uiautomator2-driver\\node_modules\\@appium\\base-driver\\lib\\basedriver\\commands\\find.ts:75:12)'
}
2026-07-30T02:41:10.944Z INFO webdriver: COMMAND findElement("xpath", "//android.widget.TextView[@text="webdriver.io is awesome"]")
2026-07-30T02:41:10.944Z INFO webdriver: [POST] http://127.0.0.1:4723/session/84d1eb51-3b80-4baf-a0ac-13a3512ad17e/element
2026-07-30T02:41:10.944Z INFO webdriver: DATA {"using":"xpath","value":"//android.widget.TextView[@text=\"webdriver.io is awesome\"]"}
2026-07-30T02:41:10.982Z INFO webdriver: RESULT {
  error: 'no such element',
  message: 'An element could not be located on the page using the given search parameters.',
  stacktrace: 'NoSuchElementError: An element could not be located on the page using the given search parameters.\n' +
    '    at AndroidUiautomator2Driver.findElOrEls (C:\\Repositorios\\webDriverIOMobile\\node_modules\\appium-uiautomator2-driver\\node_modules\\appium-android-driver\\lib\\commands\\find.ts:86:11)\n' +
    '    at processTicksAndRejections (node:internal/process/task_queues:95:5)\n' +
    '    at AndroidUiautomator2Driver.findElOrElsWithProcessing (C:\\Repositorios\\webDriverIOMobile\\node_modules\\appium-uiautomator2-driver\\node_modules\\@appium\\base-driver\\lib\\basedriver\\commands\\find.ts:60:12)\n' +
    '    at AndroidUiautomator2Driver.findElement (C:\\Repositorios\\webDriverIOMobile\\node_modules\\appium-uiautomator2-driver\\node_modules\\@appium\\base-driver\\lib\\basedriver\\commands\\find.ts:75:12)'
}
2026-07-30T02:41:11.053Z INFO webdriver: COMMAND findElement("xpath", "//android.widget.TextView[@text="webdriver.io is awesome"]")
2026-07-30T02:41:11.053Z INFO webdriver: [POST] http://127.0.0.1:4723/session/84d1eb51-3b80-4baf-a0ac-13a3512ad17e/element
2026-07-30T02:41:11.053Z INFO webdriver: DATA {"using":"xpath","value":"//android.widget.TextView[@text=\"webdriver.io is awesome\"]"}
2026-07-30T02:41:11.102Z INFO webdriver: RESULT {
  error: 'no such element',
  message: 'An element could not be located on the page using the given search parameters.',
  stacktrace: 'NoSuchElementError: An element could not be located on the page using the given search parameters.\n' +
    '    at AndroidUiautomator2Driver.findElOrEls (C:\\Repositorios\\webDriverIOMobile\\node_modules\\appium-uiautomator2-driver\\node_modules\\appium-android-driver\\lib\\commands\\find.ts:86:11)\n' +
    '    at processTicksAndRejections (node:internal/process/task_queues:95:5)\n' +
    '    at AndroidUiautomator2Driver.findElOrElsWithProcessing (C:\\Repositorios\\webDriverIOMobile\\node_modules\\appium-uiautomator2-driver\\node_modules\\@appium\\base-driver\\lib\\basedriver\\commands\\find.ts:60:12)\n' +
    '    at AndroidUiautomator2Driver.findElement (C:\\Repositorios\\webDriverIOMobile\\node_modules\\appium-uiautomator2-driver\\node_modules\\@appium\\base-driver\\lib\\basedriver\\commands\\find.ts:75:12)'
}
2026-07-30T02:41:11.145Z INFO webdriver: COMMAND findElement("xpath", "//android.widget.TextView[@text="webdriver.io is awesome"]")
2026-07-30T02:41:11.145Z INFO webdriver: [POST] http://127.0.0.1:4723/session/84d1eb51-3b80-4baf-a0ac-13a3512ad17e/element
2026-07-30T02:41:11.145Z INFO webdriver: DATA {"using":"xpath","value":"//android.widget.TextView[@text=\"webdriver.io is awesome\"]"}
2026-07-30T02:41:11.181Z INFO webdriver: RESULT {
  error: 'no such element',
  message: 'An element could not be located on the page using the given search parameters.',
  stacktrace: 'NoSuchElementError: An element could not be located on the page using the given search parameters.\n' +
    '    at AndroidUiautomator2Driver.findElOrEls (C:\\Repositorios\\webDriverIOMobile\\node_modules\\appium-uiautomator2-driver\\node_modules\\appium-android-driver\\lib\\commands\\find.ts:86:11)\n' +
    '    at processTicksAndRejections (node:internal/process/task_queues:95:5)\n' +
    '    at AndroidUiautomator2Driver.findElOrElsWithProcessing (C:\\Repositorios\\webDriverIOMobile\\node_modules\\appium-uiautomator2-driver\\node_modules\\@appium\\base-driver\\lib\\basedriver\\commands\\find.ts:60:12)\n' +
    '    at AndroidUiautomator2Driver.findElement (C:\\Repositorios\\webDriverIOMobile\\node_modules\\appium-uiautomator2-driver\\node_modules\\@appium\\base-driver\\lib\\basedriver\\commands\\find.ts:75:12)'
}
2026-07-30T02:41:11.240Z INFO webdriver: COMMAND findElement("xpath", "//android.widget.TextView[@text="webdriver.io is awesome"]")
2026-07-30T02:41:11.240Z INFO webdriver: [POST] http://127.0.0.1:4723/session/84d1eb51-3b80-4baf-a0ac-13a3512ad17e/element
2026-07-30T02:41:11.240Z INFO webdriver: DATA {"using":"xpath","value":"//android.widget.TextView[@text=\"webdriver.io is awesome\"]"}
2026-07-30T02:41:11.284Z INFO webdriver: RESULT {
  error: 'no such element',
  message: 'An element could not be located on the page using the given search parameters.',
  stacktrace: 'NoSuchElementError: An element could not be located on the page using the given search parameters.\n' +
    '    at AndroidUiautomator2Driver.findElOrEls (C:\\Repositorios\\webDriverIOMobile\\node_modules\\appium-uiautomator2-driver\\node_modules\\appium-android-driver\\lib\\commands\\find.ts:86:11)\n' +
    '    at processTicksAndRejections (node:internal/process/task_queues:95:5)\n' +
    '    at AndroidUiautomator2Driver.findElOrElsWithProcessing (C:\\Repositorios\\webDriverIOMobile\\node_modules\\appium-uiautomator2-driver\\node_modules\\@appium\\base-driver\\lib\\basedriver\\commands\\find.ts:60:12)\n' +
    '    at AndroidUiautomator2Driver.findElement (C:\\Repositorios\\webDriverIOMobile\\node_modules\\appium-uiautomator2-driver\\node_modules\\@appium\\base-driver\\lib\\basedriver\\commands\\find.ts:75:12)'
}
2026-07-30T02:41:11.349Z INFO webdriver: COMMAND findElement("xpath", "//android.widget.TextView[@text="webdriver.io is awesome"]")
2026-07-30T02:41:11.349Z INFO webdriver: [POST] http://127.0.0.1:4723/session/84d1eb51-3b80-4baf-a0ac-13a3512ad17e/element
2026-07-30T02:41:11.349Z INFO webdriver: DATA {"using":"xpath","value":"//android.widget.TextView[@text=\"webdriver.io is awesome\"]"}
2026-07-30T02:41:11.388Z INFO webdriver: RESULT {
  error: 'no such element',
  message: 'An element could not be located on the page using the given search parameters.',
  stacktrace: 'NoSuchElementError: An element could not be located on the page using the given search parameters.\n' +
    '    at AndroidUiautomator2Driver.findElOrEls (C:\\Repositorios\\webDriverIOMobile\\node_modules\\appium-uiautomator2-driver\\node_modules\\appium-android-driver\\lib\\commands\\find.ts:86:11)\n' +
    '    at processTicksAndRejections (node:internal/process/task_queues:95:5)\n' +
    '    at AndroidUiautomator2Driver.findElOrElsWithProcessing (C:\\Repositorios\\webDriverIOMobile\\node_modules\\appium-uiautomator2-driver\\node_modules\\@appium\\base-driver\\lib\\basedriver\\commands\\find.ts:60:12)\n' +
    '    at AndroidUiautomator2Driver.findElement (C:\\Repositorios\\webDriverIOMobile\\node_modules\\appium-uiautomator2-driver\\node_modules\\@appium\\base-driver\\lib\\basedriver\\commands\\find.ts:75:12)'
}
2026-07-30T02:41:11.443Z INFO webdriver: COMMAND findElement("xpath", "//android.widget.TextView[@text="webdriver.io is awesome"]")
2026-07-30T02:41:11.444Z INFO webdriver: [POST] http://127.0.0.1:4723/session/84d1eb51-3b80-4baf-a0ac-13a3512ad17e/element
2026-07-30T02:41:11.444Z INFO webdriver: DATA {"using":"xpath","value":"//android.widget.TextView[@text=\"webdriver.io is awesome\"]"}
2026-07-30T02:41:11.486Z INFO webdriver: RESULT {
  error: 'no such element',
  message: 'An element could not be located on the page using the given search parameters.',
  stacktrace: 'NoSuchElementError: An element could not be located on the page using the given search parameters.\n' +
    '    at AndroidUiautomator2Driver.findElOrEls (C:\\Repositorios\\webDriverIOMobile\\node_modules\\appium-uiautomator2-driver\\node_modules\\appium-android-driver\\lib\\commands\\find.ts:86:11)\n' +
    '    at processTicksAndRejections (node:internal/process/task_queues:95:5)\n' +
    '    at AndroidUiautomator2Driver.findElOrElsWithProcessing (C:\\Repositorios\\webDriverIOMobile\\node_modules\\appium-uiautomator2-driver\\node_modules\\@appium\\base-driver\\lib\\basedriver\\commands\\find.ts:60:12)\n' +
    '    at AndroidUiautomator2Driver.findElement (C:\\Repositorios\\webDriverIOMobile\\node_modules\\appium-uiautomator2-driver\\node_modules\\@appium\\base-driver\\lib\\basedriver\\commands\\find.ts:75:12)'
}
2026-07-30T02:41:11.553Z INFO webdriver: COMMAND findElement("xpath", "//android.widget.TextView[@text="webdriver.io is awesome"]")
2026-07-30T02:41:11.554Z INFO webdriver: [POST] http://127.0.0.1:4723/session/84d1eb51-3b80-4baf-a0ac-13a3512ad17e/element
2026-07-30T02:41:11.554Z INFO webdriver: DATA {"using":"xpath","value":"//android.widget.TextView[@text=\"webdriver.io is awesome\"]"}
2026-07-30T02:41:11.576Z INFO webdriver: RESULT {
  error: 'no such element',
  message: 'An element could not be located on the page using the given search parameters.',
  stacktrace: 'NoSuchElementError: An element could not be located on the page using the given search parameters.\n' +
    '    at AndroidUiautomator2Driver.findElOrEls (C:\\Repositorios\\webDriverIOMobile\\node_modules\\appium-uiautomator2-driver\\node_modules\\appium-android-driver\\lib\\commands\\find.ts:86:11)\n' +
    '    at processTicksAndRejections (node:internal/process/task_queues:95:5)\n' +
    '    at AndroidUiautomator2Driver.findElOrElsWithProcessing (C:\\Repositorios\\webDriverIOMobile\\node_modules\\appium-uiautomator2-driver\\node_modules\\@appium\\base-driver\\lib\\basedriver\\commands\\find.ts:60:12)\n' +
    '    at AndroidUiautomator2Driver.findElement (C:\\Repositorios\\webDriverIOMobile\\node_modules\\appium-uiautomator2-driver\\node_modules\\@appium\\base-driver\\lib\\basedriver\\commands\\find.ts:75:12)'
}
2026-07-30T02:41:11.647Z INFO webdriver: COMMAND findElement("xpath", "//android.widget.TextView[@text="webdriver.io is awesome"]")
2026-07-30T02:41:11.647Z INFO webdriver: [POST] http://127.0.0.1:4723/session/84d1eb51-3b80-4baf-a0ac-13a3512ad17e/element
2026-07-30T02:41:11.647Z INFO webdriver: DATA {"using":"xpath","value":"//android.widget.TextView[@text=\"webdriver.io is awesome\"]"}
2026-07-30T02:41:11.685Z INFO webdriver: RESULT {
  error: 'no such element',
  message: 'An element could not be located on the page using the given search parameters.',
  stacktrace: 'NoSuchElementError: An element could not be located on the page using the given search parameters.\n' +
    '    at AndroidUiautomator2Driver.findElOrEls (C:\\Repositorios\\webDriverIOMobile\\node_modules\\appium-uiautomator2-driver\\node_modules\\appium-android-driver\\lib\\commands\\find.ts:86:11)\n' +
    '    at processTicksAndRejections (node:internal/process/task_queues:95:5)\n' +
    '    at AndroidUiautomator2Driver.findElOrElsWithProcessing (C:\\Repositorios\\webDriverIOMobile\\node_modules\\appium-uiautomator2-driver\\node_modules\\@appium\\base-driver\\lib\\basedriver\\commands\\find.ts:60:12)\n' +
    '    at AndroidUiautomator2Driver.findElement (C:\\Repositorios\\webDriverIOMobile\\node_modules\\appium-uiautomator2-driver\\node_modules\\@appium\\base-driver\\lib\\basedriver\\commands\\find.ts:75:12)'
}
2026-07-30T02:41:11.740Z INFO webdriver: COMMAND findElement("xpath", "//android.widget.TextView[@text="webdriver.io is awesome"]")
2026-07-30T02:41:11.741Z INFO webdriver: [POST] http://127.0.0.1:4723/session/84d1eb51-3b80-4baf-a0ac-13a3512ad17e/element
2026-07-30T02:41:11.741Z INFO webdriver: DATA {"using":"xpath","value":"//android.widget.TextView[@text=\"webdriver.io is awesome\"]"}
2026-07-30T02:41:11.768Z INFO webdriver: RESULT {
  error: 'no such element',
  message: 'An element could not be located on the page using the given search parameters.',
  stacktrace: 'NoSuchElementError: An element could not be located on the page using the given search parameters.\n' +
    '    at AndroidUiautomator2Driver.findElOrEls (C:\\Repositorios\\webDriverIOMobile\\node_modules\\appium-uiautomator2-driver\\node_modules\\appium-android-driver\\lib\\commands\\find.ts:86:11)\n' +
    '    at processTicksAndRejections (node:internal/process/task_queues:95:5)\n' +
    '    at AndroidUiautomator2Driver.findElOrElsWithProcessing (C:\\Repositorios\\webDriverIOMobile\\node_modules\\appium-uiautomator2-driver\\node_modules\\@appium\\base-driver\\lib\\basedriver\\commands\\find.ts:60:12)\n' +
    '    at AndroidUiautomator2Driver.findElement (C:\\Repositorios\\webDriverIOMobile\\node_modules\\appium-uiautomator2-driver\\node_modules\\@appium\\base-driver\\lib\\basedriver\\commands\\find.ts:75:12)'
}
2026-07-30T02:41:11.850Z INFO webdriver: COMMAND findElement("xpath", "//android.widget.TextView[@text="webdriver.io is awesome"]")
2026-07-30T02:41:11.850Z INFO webdriver: [POST] http://127.0.0.1:4723/session/84d1eb51-3b80-4baf-a0ac-13a3512ad17e/element
2026-07-30T02:41:11.850Z INFO webdriver: DATA {"using":"xpath","value":"//android.widget.TextView[@text=\"webdriver.io is awesome\"]"}
2026-07-30T02:41:11.887Z INFO webdriver: RESULT {
  error: 'no such element',
  message: 'An element could not be located on the page using the given search parameters.',
  stacktrace: 'NoSuchElementError: An element could not be located on the page using the given search parameters.\n' +
    '    at AndroidUiautomator2Driver.findElOrEls (C:\\Repositorios\\webDriverIOMobile\\node_modules\\appium-uiautomator2-driver\\node_modules\\appium-android-driver\\lib\\commands\\find.ts:86:11)\n' +
    '    at processTicksAndRejections (node:internal/process/task_queues:95:5)\n' +
    '    at AndroidUiautomator2Driver.findElOrElsWithProcessing (C:\\Repositorios\\webDriverIOMobile\\node_modules\\appium-uiautomator2-driver\\node_modules\\@appium\\base-driver\\lib\\basedriver\\commands\\find.ts:60:12)\n' +
    '    at AndroidUiautomator2Driver.findElement (C:\\Repositorios\\webDriverIOMobile\\node_modules\\appium-uiautomator2-driver\\node_modules\\@appium\\base-driver\\lib\\basedriver\\commands\\find.ts:75:12)'
}
2026-07-30T02:41:11.943Z INFO webdriver: COMMAND findElement("xpath", "//android.widget.TextView[@text="webdriver.io is awesome"]")
2026-07-30T02:41:11.943Z INFO webdriver: [POST] http://127.0.0.1:4723/session/84d1eb51-3b80-4baf-a0ac-13a3512ad17e/element
2026-07-30T02:41:11.943Z INFO webdriver: DATA {"using":"xpath","value":"//android.widget.TextView[@text=\"webdriver.io is awesome\"]"}
2026-07-30T02:41:11.987Z INFO webdriver: RESULT {
  error: 'no such element',
  message: 'An element could not be located on the page using the given search parameters.',
  stacktrace: 'NoSuchElementError: An element could not be located on the page using the given search parameters.\n' +
    '    at AndroidUiautomator2Driver.findElOrEls (C:\\Repositorios\\webDriverIOMobile\\node_modules\\appium-uiautomator2-driver\\node_modules\\appium-android-driver\\lib\\commands\\find.ts:86:11)\n' +
    '    at processTicksAndRejections (node:internal/process/task_queues:95:5)\n' +
    '    at AndroidUiautomator2Driver.findElOrElsWithProcessing (C:\\Repositorios\\webDriverIOMobile\\node_modules\\appium-uiautomator2-driver\\node_modules\\@appium\\base-driver\\lib\\basedriver\\commands\\find.ts:60:12)\n' +
    '    at AndroidUiautomator2Driver.findElement (C:\\Repositorios\\webDriverIOMobile\\node_modules\\appium-uiautomator2-driver\\node_modules\\@appium\\base-driver\\lib\\basedriver\\commands\\find.ts:75:12)'
}
2026-07-30T02:41:12.052Z INFO webdriver: COMMAND findElement("xpath", "//android.widget.TextView[@text="webdriver.io is awesome"]")
2026-07-30T02:41:12.052Z INFO webdriver: [POST] http://127.0.0.1:4723/session/84d1eb51-3b80-4baf-a0ac-13a3512ad17e/element
2026-07-30T02:41:12.053Z INFO webdriver: DATA {"using":"xpath","value":"//android.widget.TextView[@text=\"webdriver.io is awesome\"]"}
2026-07-30T02:41:12.093Z INFO webdriver: RESULT {
  error: 'no such element',
  message: 'An element could not be located on the page using the given search parameters.',
  stacktrace: 'NoSuchElementError: An element could not be located on the page using the given search parameters.\n' +
    '    at AndroidUiautomator2Driver.findElOrEls (C:\\Repositorios\\webDriverIOMobile\\node_modules\\appium-uiautomator2-driver\\node_modules\\appium-android-driver\\lib\\commands\\find.ts:86:11)\n' +
    '    at processTicksAndRejections (node:internal/process/task_queues:95:5)\n' +
    '    at AndroidUiautomator2Driver.findElOrElsWithProcessing (C:\\Repositorios\\webDriverIOMobile\\node_modules\\appium-uiautomator2-driver\\node_modules\\@appium\\base-driver\\lib\\basedriver\\commands\\find.ts:60:12)\n' +
    '    at AndroidUiautomator2Driver.findElement (C:\\Repositorios\\webDriverIOMobile\\node_modules\\appium-uiautomator2-driver\\node_modules\\@appium\\base-driver\\lib\\basedriver\\commands\\find.ts:75:12)'
}
2026-07-30T02:41:12.144Z INFO webdriver: COMMAND findElement("xpath", "//android.widget.TextView[@text="webdriver.io is awesome"]")
2026-07-30T02:41:12.145Z INFO webdriver: [POST] http://127.0.0.1:4723/session/84d1eb51-3b80-4baf-a0ac-13a3512ad17e/element
2026-07-30T02:41:12.145Z INFO webdriver: DATA {"using":"xpath","value":"//android.widget.TextView[@text=\"webdriver.io is awesome\"]"}
2026-07-30T02:41:12.170Z INFO webdriver: RESULT {
  error: 'no such element',
  message: 'An element could not be located on the page using the given search parameters.',
  stacktrace: 'NoSuchElementError: An element could not be located on the page using the given search parameters.\n' +
    '    at AndroidUiautomator2Driver.findElOrEls (C:\\Repositorios\\webDriverIOMobile\\node_modules\\appium-uiautomator2-driver\\node_modules\\appium-android-driver\\lib\\commands\\find.ts:86:11)\n' +
    '    at processTicksAndRejections (node:internal/process/task_queues:95:5)\n' +
    '    at AndroidUiautomator2Driver.findElOrElsWithProcessing (C:\\Repositorios\\webDriverIOMobile\\node_modules\\appium-uiautomator2-driver\\node_modules\\@appium\\base-driver\\lib\\basedriver\\commands\\find.ts:60:12)\n' +
    '    at AndroidUiautomator2Driver.findElement (C:\\Repositorios\\webDriverIOMobile\\node_modules\\appium-uiautomator2-driver\\node_modules\\@appium\\base-driver\\lib\\basedriver\\commands\\find.ts:75:12)'
}
2026-07-30T02:41:12.253Z INFO webdriver: COMMAND findElement("xpath", "//android.widget.TextView[@text="webdriver.io is awesome"]")
2026-07-30T02:41:12.254Z INFO webdriver: [POST] http://127.0.0.1:4723/session/84d1eb51-3b80-4baf-a0ac-13a3512ad17e/element
2026-07-30T02:41:12.254Z INFO webdriver: DATA {"using":"xpath","value":"//android.widget.TextView[@text=\"webdriver.io is awesome\"]"}
2026-07-30T02:41:12.297Z INFO webdriver: RESULT {
  error: 'no such element',
  message: 'An element could not be located on the page using the given search parameters.',
  stacktrace: 'NoSuchElementError: An element could not be located on the page using the given search parameters.\n' +
    '    at AndroidUiautomator2Driver.findElOrEls (C:\\Repositorios\\webDriverIOMobile\\node_modules\\appium-uiautomator2-driver\\node_modules\\appium-android-driver\\lib\\commands\\find.ts:86:11)\n' +
    '    at processTicksAndRejections (node:internal/process/task_queues:95:5)\n' +
    '    at AndroidUiautomator2Driver.findElOrElsWithProcessing (C:\\Repositorios\\webDriverIOMobile\\node_modules\\appium-uiautomator2-driver\\node_modules\\@appium\\base-driver\\lib\\basedriver\\commands\\find.ts:60:12)\n' +
    '    at AndroidUiautomator2Driver.findElement (C:\\Repositorios\\webDriverIOMobile\\node_modules\\appium-uiautomator2-driver\\node_modules\\@appium\\base-driver\\lib\\basedriver\\commands\\find.ts:75:12)'
}
2026-07-30T02:41:12.347Z INFO webdriver: COMMAND findElement("xpath", "//android.widget.TextView[@text="webdriver.io is awesome"]")
2026-07-30T02:41:12.347Z INFO webdriver: [POST] http://127.0.0.1:4723/session/84d1eb51-3b80-4baf-a0ac-13a3512ad17e/element
2026-07-30T02:41:12.347Z INFO webdriver: DATA {"using":"xpath","value":"//android.widget.TextView[@text=\"webdriver.io is awesome\"]"}
2026-07-30T02:41:12.382Z INFO webdriver: RESULT {
  error: 'no such element',
  message: 'An element could not be located on the page using the given search parameters.',
  stacktrace: 'NoSuchElementError: An element could not be located on the page using the given search parameters.\n' +
    '    at AndroidUiautomator2Driver.findElOrEls (C:\\Repositorios\\webDriverIOMobile\\node_modules\\appium-uiautomator2-driver\\node_modules\\appium-android-driver\\lib\\commands\\find.ts:86:11)\n' +
    '    at processTicksAndRejections (node:internal/process/task_queues:95:5)\n' +
    '    at AndroidUiautomator2Driver.findElOrElsWithProcessing (C:\\Repositorios\\webDriverIOMobile\\node_modules\\appium-uiautomator2-driver\\node_modules\\@appium\\base-driver\\lib\\basedriver\\commands\\find.ts:60:12)\n' +
    '    at AndroidUiautomator2Driver.findElement (C:\\Repositorios\\webDriverIOMobile\\node_modules\\appium-uiautomator2-driver\\node_modules\\@appium\\base-driver\\lib\\basedriver\\commands\\find.ts:75:12)'
}
2026-07-30T02:41:12.441Z INFO webdriver: COMMAND findElement("xpath", "//android.widget.TextView[@text="webdriver.io is awesome"]")
2026-07-30T02:41:12.441Z INFO webdriver: [POST] http://127.0.0.1:4723/session/84d1eb51-3b80-4baf-a0ac-13a3512ad17e/element
2026-07-30T02:41:12.441Z INFO webdriver: DATA {"using":"xpath","value":"//android.widget.TextView[@text=\"webdriver.io is awesome\"]"}
2026-07-30T02:41:12.483Z INFO webdriver: RESULT {
  error: 'no such element',
  message: 'An element could not be located on the page using the given search parameters.',
  stacktrace: 'NoSuchElementError: An element could not be located on the page using the given search parameters.\n' +
    '    at AndroidUiautomator2Driver.findElOrEls (C:\\Repositorios\\webDriverIOMobile\\node_modules\\appium-uiautomator2-driver\\node_modules\\appium-android-driver\\lib\\commands\\find.ts:86:11)\n' +
    '    at processTicksAndRejections (node:internal/process/task_queues:95:5)\n' +
    '    at AndroidUiautomator2Driver.findElOrElsWithProcessing (C:\\Repositorios\\webDriverIOMobile\\node_modules\\appium-uiautomator2-driver\\node_modules\\@appium\\base-driver\\lib\\basedriver\\commands\\find.ts:60:12)\n' +
    '    at AndroidUiautomator2Driver.findElement (C:\\Repositorios\\webDriverIOMobile\\node_modules\\appium-uiautomator2-driver\\node_modules\\@appium\\base-driver\\lib\\basedriver\\commands\\find.ts:75:12)'
}
2026-07-30T02:41:12.549Z INFO webdriver: COMMAND findElement("xpath", "//android.widget.TextView[@text="webdriver.io is awesome"]")
2026-07-30T02:41:12.549Z INFO webdriver: [POST] http://127.0.0.1:4723/session/84d1eb51-3b80-4baf-a0ac-13a3512ad17e/element
2026-07-30T02:41:12.549Z INFO webdriver: DATA {"using":"xpath","value":"//android.widget.TextView[@text=\"webdriver.io is awesome\"]"}
2026-07-30T02:41:12.590Z INFO webdriver: RESULT {
  error: 'no such element',
  message: 'An element could not be located on the page using the given search parameters.',
  stacktrace: 'NoSuchElementError: An element could not be located on the page using the given search parameters.\n' +
    '    at AndroidUiautomator2Driver.findElOrEls (C:\\Repositorios\\webDriverIOMobile\\node_modules\\appium-uiautomator2-driver\\node_modules\\appium-android-driver\\lib\\commands\\find.ts:86:11)\n' +
    '    at processTicksAndRejections (node:internal/process/task_queues:95:5)\n' +
    '    at AndroidUiautomator2Driver.findElOrElsWithProcessing (C:\\Repositorios\\webDriverIOMobile\\node_modules\\appium-uiautomator2-driver\\node_modules\\@appium\\base-driver\\lib\\basedriver\\commands\\find.ts:60:12)\n' +
    '    at AndroidUiautomator2Driver.findElement (C:\\Repositorios\\webDriverIOMobile\\node_modules\\appium-uiautomator2-driver\\node_modules\\@appium\\base-driver\\lib\\basedriver\\commands\\find.ts:75:12)'
}
2026-07-30T02:41:12.641Z INFO webdriver: COMMAND findElement("xpath", "//android.widget.TextView[@text="webdriver.io is awesome"]")
2026-07-30T02:41:12.641Z INFO webdriver: [POST] http://127.0.0.1:4723/session/84d1eb51-3b80-4baf-a0ac-13a3512ad17e/element
2026-07-30T02:41:12.641Z INFO webdriver: DATA {"using":"xpath","value":"//android.widget.TextView[@text=\"webdriver.io is awesome\"]"}
2026-07-30T02:41:12.682Z INFO webdriver: RESULT {
  error: 'no such element',
  message: 'An element could not be located on the page using the given search parameters.',
  stacktrace: 'NoSuchElementError: An element could not be located on the page using the given search parameters.\n' +
    '    at AndroidUiautomator2Driver.findElOrEls (C:\\Repositorios\\webDriverIOMobile\\node_modules\\appium-uiautomator2-driver\\node_modules\\appium-android-driver\\lib\\commands\\find.ts:86:11)\n' +
    '    at processTicksAndRejections (node:internal/process/task_queues:95:5)\n' +
    '    at AndroidUiautomator2Driver.findElOrElsWithProcessing (C:\\Repositorios\\webDriverIOMobile\\node_modules\\appium-uiautomator2-driver\\node_modules\\@appium\\base-driver\\lib\\basedriver\\commands\\find.ts:60:12)\n' +
    '    at AndroidUiautomator2Driver.findElement (C:\\Repositorios\\webDriverIOMobile\\node_modules\\appium-uiautomator2-driver\\node_modules\\@appium\\base-driver\\lib\\basedriver\\commands\\find.ts:75:12)'
}
2026-07-30T02:41:12.750Z INFO webdriver: COMMAND findElement("xpath", "//android.widget.TextView[@text="webdriver.io is awesome"]")
2026-07-30T02:41:12.750Z INFO webdriver: [POST] http://127.0.0.1:4723/session/84d1eb51-3b80-4baf-a0ac-13a3512ad17e/element
2026-07-30T02:41:12.750Z INFO webdriver: DATA {"using":"xpath","value":"//android.widget.TextView[@text=\"webdriver.io is awesome\"]"}
2026-07-30T02:41:12.786Z INFO webdriver: RESULT {
  error: 'no such element',
  message: 'An element could not be located on the page using the given search parameters.',
  stacktrace: 'NoSuchElementError: An element could not be located on the page using the given search parameters.\n' +
    '    at AndroidUiautomator2Driver.findElOrEls (C:\\Repositorios\\webDriverIOMobile\\node_modules\\appium-uiautomator2-driver\\node_modules\\appium-android-driver\\lib\\commands\\find.ts:86:11)\n' +
    '    at processTicksAndRejections (node:internal/process/task_queues:95:5)\n' +
    '    at AndroidUiautomator2Driver.findElOrElsWithProcessing (C:\\Repositorios\\webDriverIOMobile\\node_modules\\appium-uiautomator2-driver\\node_modules\\@appium\\base-driver\\lib\\basedriver\\commands\\find.ts:60:12)\n' +
    '    at AndroidUiautomator2Driver.findElement (C:\\Repositorios\\webDriverIOMobile\\node_modules\\appium-uiautomator2-driver\\node_modules\\@appium\\base-driver\\lib\\basedriver\\commands\\find.ts:75:12)'
}
2026-07-30T02:41:12.845Z INFO webdriver: COMMAND findElement("xpath", "//android.widget.TextView[@text="webdriver.io is awesome"]")
2026-07-30T02:41:12.846Z INFO webdriver: [POST] http://127.0.0.1:4723/session/84d1eb51-3b80-4baf-a0ac-13a3512ad17e/element
2026-07-30T02:41:12.846Z INFO webdriver: DATA {"using":"xpath","value":"//android.widget.TextView[@text=\"webdriver.io is awesome\"]"}
2026-07-30T02:41:12.870Z INFO webdriver: RESULT {
  error: 'no such element',
  message: 'An element could not be located on the page using the given search parameters.',
  stacktrace: 'NoSuchElementError: An element could not be located on the page using the given search parameters.\n' +
    '    at AndroidUiautomator2Driver.findElOrEls (C:\\Repositorios\\webDriverIOMobile\\node_modules\\appium-uiautomator2-driver\\node_modules\\appium-android-driver\\lib\\commands\\find.ts:86:11)\n' +
    '    at processTicksAndRejections (node:internal/process/task_queues:95:5)\n' +
    '    at AndroidUiautomator2Driver.findElOrElsWithProcessing (C:\\Repositorios\\webDriverIOMobile\\node_modules\\appium-uiautomator2-driver\\node_modules\\@appium\\base-driver\\lib\\basedriver\\commands\\find.ts:60:12)\n' +
    '    at AndroidUiautomator2Driver.findElement (C:\\Repositorios\\webDriverIOMobile\\node_modules\\appium-uiautomator2-driver\\node_modules\\@appium\\base-driver\\lib\\basedriver\\commands\\find.ts:75:12)'
}
2026-07-30T02:41:12.940Z INFO webdriver: COMMAND findElement("xpath", "//android.widget.TextView[@text="webdriver.io is awesome"]")
2026-07-30T02:41:12.940Z INFO webdriver: [POST] http://127.0.0.1:4723/session/84d1eb51-3b80-4baf-a0ac-13a3512ad17e/element
2026-07-30T02:41:12.941Z INFO webdriver: DATA {"using":"xpath","value":"//android.widget.TextView[@text=\"webdriver.io is awesome\"]"}
2026-07-30T02:41:12.977Z INFO webdriver: RESULT {
  error: 'no such element',
  message: 'An element could not be located on the page using the given search parameters.',
  stacktrace: 'NoSuchElementError: An element could not be located on the page using the given search parameters.\n' +
    '    at AndroidUiautomator2Driver.findElOrEls (C:\\Repositorios\\webDriverIOMobile\\node_modules\\appium-uiautomator2-driver\\node_modules\\appium-android-driver\\lib\\commands\\find.ts:86:11)\n' +
    '    at processTicksAndRejections (node:internal/process/task_queues:95:5)\n' +
    '    at AndroidUiautomator2Driver.findElOrElsWithProcessing (C:\\Repositorios\\webDriverIOMobile\\node_modules\\appium-uiautomator2-driver\\node_modules\\@appium\\base-driver\\lib\\basedriver\\commands\\find.ts:60:12)\n' +
    '    at AndroidUiautomator2Driver.findElement (C:\\Repositorios\\webDriverIOMobile\\node_modules\\appium-uiautomator2-driver\\node_modules\\@appium\\base-driver\\lib\\basedriver\\commands\\find.ts:75:12)'
}
2026-07-30T02:41:13.049Z INFO webdriver: COMMAND findElement("xpath", "//android.widget.TextView[@text="webdriver.io is awesome"]")
2026-07-30T02:41:13.049Z INFO webdriver: [POST] http://127.0.0.1:4723/session/84d1eb51-3b80-4baf-a0ac-13a3512ad17e/element
2026-07-30T02:41:13.049Z INFO webdriver: DATA {"using":"xpath","value":"//android.widget.TextView[@text=\"webdriver.io is awesome\"]"}
2026-07-30T02:41:13.087Z INFO webdriver: RESULT {
  error: 'no such element',
  message: 'An element could not be located on the page using the given search parameters.',
  stacktrace: 'NoSuchElementError: An element could not be located on the page using the given search parameters.\n' +
    '    at AndroidUiautomator2Driver.findElOrEls (C:\\Repositorios\\webDriverIOMobile\\node_modules\\appium-uiautomator2-driver\\node_modules\\appium-android-driver\\lib\\commands\\find.ts:86:11)\n' +
    '    at processTicksAndRejections (node:internal/process/task_queues:95:5)\n' +
    '    at AndroidUiautomator2Driver.findElOrElsWithProcessing (C:\\Repositorios\\webDriverIOMobile\\node_modules\\appium-uiautomator2-driver\\node_modules\\@appium\\base-driver\\lib\\basedriver\\commands\\find.ts:60:12)\n' +
    '    at AndroidUiautomator2Driver.findElement (C:\\Repositorios\\webDriverIOMobile\\node_modules\\appium-uiautomator2-driver\\node_modules\\@appium\\base-driver\\lib\\basedriver\\commands\\find.ts:75:12)'
}
2026-07-30T02:41:13.141Z INFO webdriver: COMMAND findElement("xpath", "//android.widget.TextView[@text="webdriver.io is awesome"]")
2026-07-30T02:41:13.141Z INFO webdriver: [POST] http://127.0.0.1:4723/session/84d1eb51-3b80-4baf-a0ac-13a3512ad17e/element
2026-07-30T02:41:13.141Z INFO webdriver: DATA {"using":"xpath","value":"//android.widget.TextView[@text=\"webdriver.io is awesome\"]"}
2026-07-30T02:41:13.183Z INFO webdriver: RESULT {
  error: 'no such element',
  message: 'An element could not be located on the page using the given search parameters.',
  stacktrace: 'NoSuchElementError: An element could not be located on the page using the given search parameters.\n' +
    '    at AndroidUiautomator2Driver.findElOrEls (C:\\Repositorios\\webDriverIOMobile\\node_modules\\appium-uiautomator2-driver\\node_modules\\appium-android-driver\\lib\\commands\\find.ts:86:11)\n' +
    '    at processTicksAndRejections (node:internal/process/task_queues:95:5)\n' +
    '    at AndroidUiautomator2Driver.findElOrElsWithProcessing (C:\\Repositorios\\webDriverIOMobile\\node_modules\\appium-uiautomator2-driver\\node_modules\\@appium\\base-driver\\lib\\basedriver\\commands\\find.ts:60:12)\n' +
    '    at AndroidUiautomator2Driver.findElement (C:\\Repositorios\\webDriverIOMobile\\node_modules\\appium-uiautomator2-driver\\node_modules\\@appium\\base-driver\\lib\\basedriver\\commands\\find.ts:75:12)'
}
2026-07-30T02:41:13.249Z INFO webdriver: COMMAND findElement("xpath", "//android.widget.TextView[@text="webdriver.io is awesome"]")
2026-07-30T02:41:13.250Z INFO webdriver: [POST] http://127.0.0.1:4723/session/84d1eb51-3b80-4baf-a0ac-13a3512ad17e/element
2026-07-30T02:41:13.250Z INFO webdriver: DATA {"using":"xpath","value":"//android.widget.TextView[@text=\"webdriver.io is awesome\"]"}
2026-07-30T02:41:13.284Z INFO webdriver: RESULT {
  error: 'no such element',
  message: 'An element could not be located on the page using the given search parameters.',
  stacktrace: 'NoSuchElementError: An element could not be located on the page using the given search parameters.\n' +
    '    at AndroidUiautomator2Driver.findElOrEls (C:\\Repositorios\\webDriverIOMobile\\node_modules\\appium-uiautomator2-driver\\node_modules\\appium-android-driver\\lib\\commands\\find.ts:86:11)\n' +
    '    at processTicksAndRejections (node:internal/process/task_queues:95:5)\n' +
    '    at AndroidUiautomator2Driver.findElOrElsWithProcessing (C:\\Repositorios\\webDriverIOMobile\\node_modules\\appium-uiautomator2-driver\\node_modules\\@appium\\base-driver\\lib\\basedriver\\commands\\find.ts:60:12)\n' +
    '    at AndroidUiautomator2Driver.findElement (C:\\Repositorios\\webDriverIOMobile\\node_modules\\appium-uiautomator2-driver\\node_modules\\@appium\\base-driver\\lib\\basedriver\\commands\\find.ts:75:12)'
}
2026-07-30T02:41:13.344Z INFO webdriver: COMMAND findElement("xpath", "//android.widget.TextView[@text="webdriver.io is awesome"]")
2026-07-30T02:41:13.344Z INFO webdriver: [POST] http://127.0.0.1:4723/session/84d1eb51-3b80-4baf-a0ac-13a3512ad17e/element
2026-07-30T02:41:13.344Z INFO webdriver: DATA {"using":"xpath","value":"//android.widget.TextView[@text=\"webdriver.io is awesome\"]"}
2026-07-30T02:41:13.366Z INFO webdriver: RESULT {
  error: 'no such element',
  message: 'An element could not be located on the page using the given search parameters.',
  stacktrace: 'NoSuchElementError: An element could not be located on the page using the given search parameters.\n' +
    '    at AndroidUiautomator2Driver.findElOrEls (C:\\Repositorios\\webDriverIOMobile\\node_modules\\appium-uiautomator2-driver\\node_modules\\appium-android-driver\\lib\\commands\\find.ts:86:11)\n' +
    '    at processTicksAndRejections (node:internal/process/task_queues:95:5)\n' +
    '    at AndroidUiautomator2Driver.findElOrElsWithProcessing (C:\\Repositorios\\webDriverIOMobile\\node_modules\\appium-uiautomator2-driver\\node_modules\\@appium\\base-driver\\lib\\basedriver\\commands\\find.ts:60:12)\n' +
    '    at AndroidUiautomator2Driver.findElement (C:\\Repositorios\\webDriverIOMobile\\node_modules\\appium-uiautomator2-driver\\node_modules\\@appium\\base-driver\\lib\\basedriver\\commands\\find.ts:75:12)'
}
2026-07-30T02:41:13.452Z INFO webdriver: COMMAND findElement("xpath", "//android.widget.TextView[@text="webdriver.io is awesome"]")
2026-07-30T02:41:13.452Z INFO webdriver: [POST] http://127.0.0.1:4723/session/84d1eb51-3b80-4baf-a0ac-13a3512ad17e/element
2026-07-30T02:41:13.452Z INFO webdriver: DATA {"using":"xpath","value":"//android.widget.TextView[@text=\"webdriver.io is awesome\"]"}
2026-07-30T02:41:13.489Z INFO webdriver: RESULT {
  error: 'no such element',
  message: 'An element could not be located on the page using the given search parameters.',
  stacktrace: 'NoSuchElementError: An element could not be located on the page using the given search parameters.\n' +
    '    at AndroidUiautomator2Driver.findElOrEls (C:\\Repositorios\\webDriverIOMobile\\node_modules\\appium-uiautomator2-driver\\node_modules\\appium-android-driver\\lib\\commands\\find.ts:86:11)\n' +
    '    at processTicksAndRejections (node:internal/process/task_queues:95:5)\n' +
    '    at AndroidUiautomator2Driver.findElOrElsWithProcessing (C:\\Repositorios\\webDriverIOMobile\\node_modules\\appium-uiautomator2-driver\\node_modules\\@appium\\base-driver\\lib\\basedriver\\commands\\find.ts:60:12)\n' +
    '    at AndroidUiautomator2Driver.findElement (C:\\Repositorios\\webDriverIOMobile\\node_modules\\appium-uiautomator2-driver\\node_modules\\@appium\\base-driver\\lib\\basedriver\\commands\\find.ts:75:12)'
}
2026-07-30T02:41:13.546Z INFO webdriver: COMMAND findElement("xpath", "//android.widget.TextView[@text="webdriver.io is awesome"]")
2026-07-30T02:41:13.546Z INFO webdriver: [POST] http://127.0.0.1:4723/session/84d1eb51-3b80-4baf-a0ac-13a3512ad17e/element
2026-07-30T02:41:13.546Z INFO webdriver: DATA {"using":"xpath","value":"//android.widget.TextView[@text=\"webdriver.io is awesome\"]"}
2026-07-30T02:41:13.586Z INFO webdriver: RESULT {
  error: 'no such element',
  message: 'An element could not be located on the page using the given search parameters.',
  stacktrace: 'NoSuchElementError: An element could not be located on the page using the given search parameters.\n' +
    '    at AndroidUiautomator2Driver.findElOrEls (C:\\Repositorios\\webDriverIOMobile\\node_modules\\appium-uiautomator2-driver\\node_modules\\appium-android-driver\\lib\\commands\\find.ts:86:11)\n' +
    '    at processTicksAndRejections (node:internal/process/task_queues:95:5)\n' +
    '    at AndroidUiautomator2Driver.findElOrElsWithProcessing (C:\\Repositorios\\webDriverIOMobile\\node_modules\\appium-uiautomator2-driver\\node_modules\\@appium\\base-driver\\lib\\basedriver\\commands\\find.ts:60:12)\n' +
    '    at AndroidUiautomator2Driver.findElement (C:\\Repositorios\\webDriverIOMobile\\node_modules\\appium-uiautomator2-driver\\node_modules\\@appium\\base-driver\\lib\\basedriver\\commands\\find.ts:75:12)'
}
2026-07-30T02:41:13.653Z INFO webdriver: COMMAND findElement("xpath", "//android.widget.TextView[@text="webdriver.io is awesome"]")
2026-07-30T02:41:13.654Z INFO webdriver: [POST] http://127.0.0.1:4723/session/84d1eb51-3b80-4baf-a0ac-13a3512ad17e/element
2026-07-30T02:41:13.654Z INFO webdriver: DATA {"using":"xpath","value":"//android.widget.TextView[@text=\"webdriver.io is awesome\"]"}
2026-07-30T02:41:13.680Z INFO webdriver: RESULT {
  error: 'no such element',
  message: 'An element could not be located on the page using the given search parameters.',
  stacktrace: 'NoSuchElementError: An element could not be located on the page using the given search parameters.\n' +
    '    at AndroidUiautomator2Driver.findElOrEls (C:\\Repositorios\\webDriverIOMobile\\node_modules\\appium-uiautomator2-driver\\node_modules\\appium-android-driver\\lib\\commands\\find.ts:86:11)\n' +
    '    at processTicksAndRejections (node:internal/process/task_queues:95:5)\n' +
    '    at AndroidUiautomator2Driver.findElOrElsWithProcessing (C:\\Repositorios\\webDriverIOMobile\\node_modules\\appium-uiautomator2-driver\\node_modules\\@appium\\base-driver\\lib\\basedriver\\commands\\find.ts:60:12)\n' +
    '    at AndroidUiautomator2Driver.findElement (C:\\Repositorios\\webDriverIOMobile\\node_modules\\appium-uiautomator2-driver\\node_modules\\@appium\\base-driver\\lib\\basedriver\\commands\\find.ts:75:12)'
}
2026-07-30T02:41:13.747Z INFO webdriver: COMMAND findElement("xpath", "//android.widget.TextView[@text="webdriver.io is awesome"]")
2026-07-30T02:41:13.747Z INFO webdriver: [POST] http://127.0.0.1:4723/session/84d1eb51-3b80-4baf-a0ac-13a3512ad17e/element
2026-07-30T02:41:13.747Z INFO webdriver: DATA {"using":"xpath","value":"//android.widget.TextView[@text=\"webdriver.io is awesome\"]"}
2026-07-30T02:41:13.772Z INFO webdriver: RESULT {
  error: 'no such element',
  message: 'An element could not be located on the page using the given search parameters.',
  stacktrace: 'NoSuchElementError: An element could not be located on the page using the given search parameters.\n' +
    '    at AndroidUiautomator2Driver.findElOrEls (C:\\Repositorios\\webDriverIOMobile\\node_modules\\appium-uiautomator2-driver\\node_modules\\appium-android-driver\\lib\\commands\\find.ts:86:11)\n' +
    '    at processTicksAndRejections (node:internal/process/task_queues:95:5)\n' +
    '    at AndroidUiautomator2Driver.findElOrElsWithProcessing (C:\\Repositorios\\webDriverIOMobile\\node_modules\\appium-uiautomator2-driver\\node_modules\\@appium\\base-driver\\lib\\basedriver\\commands\\find.ts:60:12)\n' +
    '    at AndroidUiautomator2Driver.findElement (C:\\Repositorios\\webDriverIOMobile\\node_modules\\appium-uiautomator2-driver\\node_modules\\@appium\\base-driver\\lib\\basedriver\\commands\\find.ts:75:12)'
}
2026-07-30T02:41:13.841Z INFO webdriver: COMMAND findElement("xpath", "//android.widget.TextView[@text="webdriver.io is awesome"]")
2026-07-30T02:41:13.842Z INFO webdriver: [POST] http://127.0.0.1:4723/session/84d1eb51-3b80-4baf-a0ac-13a3512ad17e/element
2026-07-30T02:41:13.842Z INFO webdriver: DATA {"using":"xpath","value":"//android.widget.TextView[@text=\"webdriver.io is awesome\"]"}
2026-07-30T02:41:13.878Z INFO webdriver: RESULT {
  error: 'no such element',
  message: 'An element could not be located on the page using the given search parameters.',
  stacktrace: 'NoSuchElementError: An element could not be located on the page using the given search parameters.\n' +
    '    at AndroidUiautomator2Driver.findElOrEls (C:\\Repositorios\\webDriverIOMobile\\node_modules\\appium-uiautomator2-driver\\node_modules\\appium-android-driver\\lib\\commands\\find.ts:86:11)\n' +
    '    at processTicksAndRejections (node:internal/process/task_queues:95:5)\n' +
    '    at AndroidUiautomator2Driver.findElOrElsWithProcessing (C:\\Repositorios\\webDriverIOMobile\\node_modules\\appium-uiautomator2-driver\\node_modules\\@appium\\base-driver\\lib\\basedriver\\commands\\find.ts:60:12)\n' +
    '    at AndroidUiautomator2Driver.findElement (C:\\Repositorios\\webDriverIOMobile\\node_modules\\appium-uiautomator2-driver\\node_modules\\@appium\\base-driver\\lib\\basedriver\\commands\\find.ts:75:12)'
}
2026-07-30T02:41:13.949Z INFO webdriver: COMMAND findElement("xpath", "//android.widget.TextView[@text="webdriver.io is awesome"]")
2026-07-30T02:41:13.949Z INFO webdriver: [POST] http://127.0.0.1:4723/session/84d1eb51-3b80-4baf-a0ac-13a3512ad17e/element
2026-07-30T02:41:13.950Z INFO webdriver: DATA {"using":"xpath","value":"//android.widget.TextView[@text=\"webdriver.io is awesome\"]"}
2026-07-30T02:41:13.995Z INFO webdriver: RESULT {
  error: 'no such element',
  message: 'An element could not be located on the page using the given search parameters.',
  stacktrace: 'NoSuchElementError: An element could not be located on the page using the given search parameters.\n' +
    '    at AndroidUiautomator2Driver.findElOrEls (C:\\Repositorios\\webDriverIOMobile\\node_modules\\appium-uiautomator2-driver\\node_modules\\appium-android-driver\\lib\\commands\\find.ts:86:11)\n' +
    '    at processTicksAndRejections (node:internal/process/task_queues:95:5)\n' +
    '    at AndroidUiautomator2Driver.findElOrElsWithProcessing (C:\\Repositorios\\webDriverIOMobile\\node_modules\\appium-uiautomator2-driver\\node_modules\\@appium\\base-driver\\lib\\basedriver\\commands\\find.ts:60:12)\n' +
    '    at AndroidUiautomator2Driver.findElement (C:\\Repositorios\\webDriverIOMobile\\node_modules\\appium-uiautomator2-driver\\node_modules\\@appium\\base-driver\\lib\\basedriver\\commands\\find.ts:75:12)'
}
2026-07-30T02:41:14.042Z INFO webdriver: COMMAND findElement("xpath", "//android.widget.TextView[@text="webdriver.io is awesome"]")
2026-07-30T02:41:14.042Z INFO webdriver: [POST] http://127.0.0.1:4723/session/84d1eb51-3b80-4baf-a0ac-13a3512ad17e/element
2026-07-30T02:41:14.042Z INFO webdriver: DATA {"using":"xpath","value":"//android.widget.TextView[@text=\"webdriver.io is awesome\"]"}
2026-07-30T02:41:14.080Z INFO webdriver: RESULT {
  error: 'no such element',
  message: 'An element could not be located on the page using the given search parameters.',
  stacktrace: 'NoSuchElementError: An element could not be located on the page using the given search parameters.\n' +
    '    at AndroidUiautomator2Driver.findElOrEls (C:\\Repositorios\\webDriverIOMobile\\node_modules\\appium-uiautomator2-driver\\node_modules\\appium-android-driver\\lib\\commands\\find.ts:86:11)\n' +
    '    at processTicksAndRejections (node:internal/process/task_queues:95:5)\n' +
    '    at AndroidUiautomator2Driver.findElOrElsWithProcessing (C:\\Repositorios\\webDriverIOMobile\\node_modules\\appium-uiautomator2-driver\\node_modules\\@appium\\base-driver\\lib\\basedriver\\commands\\find.ts:60:12)\n' +
    '    at AndroidUiautomator2Driver.findElement (C:\\Repositorios\\webDriverIOMobile\\node_modules\\appium-uiautomator2-driver\\node_modules\\@appium\\base-driver\\lib\\basedriver\\commands\\find.ts:75:12)'
}
2026-07-30T02:41:14.150Z INFO webdriver: COMMAND findElement("xpath", "//android.widget.TextView[@text="webdriver.io is awesome"]")
2026-07-30T02:41:14.150Z INFO webdriver: [POST] http://127.0.0.1:4723/session/84d1eb51-3b80-4baf-a0ac-13a3512ad17e/element
2026-07-30T02:41:14.150Z INFO webdriver: DATA {"using":"xpath","value":"//android.widget.TextView[@text=\"webdriver.io is awesome\"]"}
2026-07-30T02:41:14.188Z INFO webdriver: RESULT {
  error: 'no such element',
  message: 'An element could not be located on the page using the given search parameters.',
  stacktrace: 'NoSuchElementError: An element could not be located on the page using the given search parameters.\n' +
    '    at AndroidUiautomator2Driver.findElOrEls (C:\\Repositorios\\webDriverIOMobile\\node_modules\\appium-uiautomator2-driver\\node_modules\\appium-android-driver\\lib\\commands\\find.ts:86:11)\n' +
    '    at processTicksAndRejections (node:internal/process/task_queues:95:5)\n' +
    '    at AndroidUiautomator2Driver.findElOrElsWithProcessing (C:\\Repositorios\\webDriverIOMobile\\node_modules\\appium-uiautomator2-driver\\node_modules\\@appium\\base-driver\\lib\\basedriver\\commands\\find.ts:60:12)\n' +
    '    at AndroidUiautomator2Driver.findElement (C:\\Repositorios\\webDriverIOMobile\\node_modules\\appium-uiautomator2-driver\\node_modules\\@appium\\base-driver\\lib\\basedriver\\commands\\find.ts:75:12)'
}
2026-07-30T02:41:14.244Z INFO webdriver: COMMAND findElement("xpath", "//android.widget.TextView[@text="webdriver.io is awesome"]")
2026-07-30T02:41:14.245Z INFO webdriver: [POST] http://127.0.0.1:4723/session/84d1eb51-3b80-4baf-a0ac-13a3512ad17e/element
2026-07-30T02:41:14.245Z INFO webdriver: DATA {"using":"xpath","value":"//android.widget.TextView[@text=\"webdriver.io is awesome\"]"}
2026-07-30T02:41:14.270Z INFO webdriver: RESULT {
  error: 'no such element',
  message: 'An element could not be located on the page using the given search parameters.',
  stacktrace: 'NoSuchElementError: An element could not be located on the page using the given search parameters.\n' +
    '    at AndroidUiautomator2Driver.findElOrEls (C:\\Repositorios\\webDriverIOMobile\\node_modules\\appium-uiautomator2-driver\\node_modules\\appium-android-driver\\lib\\commands\\find.ts:86:11)\n' +
    '    at processTicksAndRejections (node:internal/process/task_queues:95:5)\n' +
    '    at AndroidUiautomator2Driver.findElOrElsWithProcessing (C:\\Repositorios\\webDriverIOMobile\\node_modules\\appium-uiautomator2-driver\\node_modules\\@appium\\base-driver\\lib\\basedriver\\commands\\find.ts:60:12)\n' +
    '    at AndroidUiautomator2Driver.findElement (C:\\Repositorios\\webDriverIOMobile\\node_modules\\appium-uiautomator2-driver\\node_modules\\@appium\\base-driver\\lib\\basedriver\\commands\\find.ts:75:12)'
}
2026-07-30T02:41:14.340Z INFO webdriver: COMMAND findElement("xpath", "//android.widget.TextView[@text="webdriver.io is awesome"]")
2026-07-30T02:41:14.340Z INFO webdriver: [POST] http://127.0.0.1:4723/session/84d1eb51-3b80-4baf-a0ac-13a3512ad17e/element
2026-07-30T02:41:14.340Z INFO webdriver: DATA {"using":"xpath","value":"//android.widget.TextView[@text=\"webdriver.io is awesome\"]"}
2026-07-30T02:41:14.376Z INFO webdriver: RESULT {
  error: 'no such element',
  message: 'An element could not be located on the page using the given search parameters.',
  stacktrace: 'NoSuchElementError: An element could not be located on the page using the given search parameters.\n' +
    '    at AndroidUiautomator2Driver.findElOrEls (C:\\Repositorios\\webDriverIOMobile\\node_modules\\appium-uiautomator2-driver\\node_modules\\appium-android-driver\\lib\\commands\\find.ts:86:11)\n' +
    '    at processTicksAndRejections (node:internal/process/task_queues:95:5)\n' +
    '    at AndroidUiautomator2Driver.findElOrElsWithProcessing (C:\\Repositorios\\webDriverIOMobile\\node_modules\\appium-uiautomator2-driver\\node_modules\\@appium\\base-driver\\lib\\basedriver\\commands\\find.ts:60:12)\n' +
    '    at AndroidUiautomator2Driver.findElement (C:\\Repositorios\\webDriverIOMobile\\node_modules\\appium-uiautomator2-driver\\node_modules\\@appium\\base-driver\\lib\\basedriver\\commands\\find.ts:75:12)'
}
2026-07-30T02:41:14.450Z INFO webdriver: COMMAND findElement("xpath", "//android.widget.TextView[@text="webdriver.io is awesome"]")
2026-07-30T02:41:14.451Z INFO webdriver: [POST] http://127.0.0.1:4723/session/84d1eb51-3b80-4baf-a0ac-13a3512ad17e/element
2026-07-30T02:41:14.451Z INFO webdriver: DATA {"using":"xpath","value":"//android.widget.TextView[@text=\"webdriver.io is awesome\"]"}
2026-07-30T02:41:14.486Z INFO webdriver: RESULT {
  error: 'no such element',
  message: 'An element could not be located on the page using the given search parameters.',
  stacktrace: 'NoSuchElementError: An element could not be located on the page using the given search parameters.\n' +
    '    at AndroidUiautomator2Driver.findElOrEls (C:\\Repositorios\\webDriverIOMobile\\node_modules\\appium-uiautomator2-driver\\node_modules\\appium-android-driver\\lib\\commands\\find.ts:86:11)\n' +
    '    at processTicksAndRejections (node:internal/process/task_queues:95:5)\n' +
    '    at AndroidUiautomator2Driver.findElOrElsWithProcessing (C:\\Repositorios\\webDriverIOMobile\\node_modules\\appium-uiautomator2-driver\\node_modules\\@appium\\base-driver\\lib\\basedriver\\commands\\find.ts:60:12)\n' +
    '    at AndroidUiautomator2Driver.findElement (C:\\Repositorios\\webDriverIOMobile\\node_modules\\appium-uiautomator2-driver\\node_modules\\@appium\\base-driver\\lib\\basedriver\\commands\\find.ts:75:12)'
}
2026-07-30T02:41:14.543Z INFO webdriver: COMMAND findElement("xpath", "//android.widget.TextView[@text="webdriver.io is awesome"]")
2026-07-30T02:41:14.544Z INFO webdriver: [POST] http://127.0.0.1:4723/session/84d1eb51-3b80-4baf-a0ac-13a3512ad17e/element
2026-07-30T02:41:14.544Z INFO webdriver: DATA {"using":"xpath","value":"//android.widget.TextView[@text=\"webdriver.io is awesome\"]"}
2026-07-30T02:41:14.591Z INFO webdriver: RESULT {
  error: 'no such element',
  message: 'An element could not be located on the page using the given search parameters.',
  stacktrace: 'NoSuchElementError: An element could not be located on the page using the given search parameters.\n' +
    '    at AndroidUiautomator2Driver.findElOrEls (C:\\Repositorios\\webDriverIOMobile\\node_modules\\appium-uiautomator2-driver\\node_modules\\appium-android-driver\\lib\\commands\\find.ts:86:11)\n' +
    '    at processTicksAndRejections (node:internal/process/task_queues:95:5)\n' +
    '    at AndroidUiautomator2Driver.findElOrElsWithProcessing (C:\\Repositorios\\webDriverIOMobile\\node_modules\\appium-uiautomator2-driver\\node_modules\\@appium\\base-driver\\lib\\basedriver\\commands\\find.ts:60:12)\n' +
    '    at AndroidUiautomator2Driver.findElement (C:\\Repositorios\\webDriverIOMobile\\node_modules\\appium-uiautomator2-driver\\node_modules\\@appium\\base-driver\\lib\\basedriver\\commands\\find.ts:75:12)'
}
2026-07-30T02:41:14.653Z INFO webdriver: COMMAND findElement("xpath", "//android.widget.TextView[@text="webdriver.io is awesome"]")
2026-07-30T02:41:14.654Z INFO webdriver: [POST] http://127.0.0.1:4723/session/84d1eb51-3b80-4baf-a0ac-13a3512ad17e/element
2026-07-30T02:41:14.654Z INFO webdriver: DATA {"using":"xpath","value":"//android.widget.TextView[@text=\"webdriver.io is awesome\"]"}
2026-07-30T02:41:14.676Z INFO webdriver: RESULT {
  error: 'no such element',
  message: 'An element could not be located on the page using the given search parameters.',
  stacktrace: 'NoSuchElementError: An element could not be located on the page using the given search parameters.\n' +
    '    at AndroidUiautomator2Driver.findElOrEls (C:\\Repositorios\\webDriverIOMobile\\node_modules\\appium-uiautomator2-driver\\node_modules\\appium-android-driver\\lib\\commands\\find.ts:86:11)\n' +
    '    at processTicksAndRejections (node:internal/process/task_queues:95:5)\n' +
    '    at AndroidUiautomator2Driver.findElOrElsWithProcessing (C:\\Repositorios\\webDriverIOMobile\\node_modules\\appium-uiautomator2-driver\\node_modules\\@appium\\base-driver\\lib\\basedriver\\commands\\find.ts:60:12)\n' +
    '    at AndroidUiautomator2Driver.findElement (C:\\Repositorios\\webDriverIOMobile\\node_modules\\appium-uiautomator2-driver\\node_modules\\@appium\\base-driver\\lib\\basedriver\\commands\\find.ts:75:12)'
}
2026-07-30T02:41:14.747Z INFO webdriver: COMMAND findElement("xpath", "//android.widget.TextView[@text="webdriver.io is awesome"]")
2026-07-30T02:41:14.747Z INFO webdriver: [POST] http://127.0.0.1:4723/session/84d1eb51-3b80-4baf-a0ac-13a3512ad17e/element
2026-07-30T02:41:14.747Z INFO webdriver: DATA {"using":"xpath","value":"//android.widget.TextView[@text=\"webdriver.io is awesome\"]"}
2026-07-30T02:41:14.783Z INFO webdriver: RESULT {
  error: 'no such element',
  message: 'An element could not be located on the page using the given search parameters.',
  stacktrace: 'NoSuchElementError: An element could not be located on the page using the given search parameters.\n' +
    '    at AndroidUiautomator2Driver.findElOrEls (C:\\Repositorios\\webDriverIOMobile\\node_modules\\appium-uiautomator2-driver\\node_modules\\appium-android-driver\\lib\\commands\\find.ts:86:11)\n' +
    '    at processTicksAndRejections (node:internal/process/task_queues:95:5)\n' +
    '    at AndroidUiautomator2Driver.findElOrElsWithProcessing (C:\\Repositorios\\webDriverIOMobile\\node_modules\\appium-uiautomator2-driver\\node_modules\\@appium\\base-driver\\lib\\basedriver\\commands\\find.ts:60:12)\n' +
    '    at AndroidUiautomator2Driver.findElement (C:\\Repositorios\\webDriverIOMobile\\node_modules\\appium-uiautomator2-driver\\node_modules\\@appium\\base-driver\\lib\\basedriver\\commands\\find.ts:75:12)'
}
2026-07-30T02:41:14.840Z INFO webdriver: COMMAND findElement("xpath", "//android.widget.TextView[@text="webdriver.io is awesome"]")
2026-07-30T02:41:14.841Z INFO webdriver: [POST] http://127.0.0.1:4723/session/84d1eb51-3b80-4baf-a0ac-13a3512ad17e/element
2026-07-30T02:41:14.841Z INFO webdriver: DATA {"using":"xpath","value":"//android.widget.TextView[@text=\"webdriver.io is awesome\"]"}
2026-07-30T02:41:14.883Z INFO webdriver: RESULT {
  error: 'no such element',
  message: 'An element could not be located on the page using the given search parameters.',
  stacktrace: 'NoSuchElementError: An element could not be located on the page using the given search parameters.\n' +
    '    at AndroidUiautomator2Driver.findElOrEls (C:\\Repositorios\\webDriverIOMobile\\node_modules\\appium-uiautomator2-driver\\node_modules\\appium-android-driver\\lib\\commands\\find.ts:86:11)\n' +
    '    at processTicksAndRejections (node:internal/process/task_queues:95:5)\n' +
    '    at AndroidUiautomator2Driver.findElOrElsWithProcessing (C:\\Repositorios\\webDriverIOMobile\\node_modules\\appium-uiautomator2-driver\\node_modules\\@appium\\base-driver\\lib\\basedriver\\commands\\find.ts:60:12)\n' +
    '    at AndroidUiautomator2Driver.findElement (C:\\Repositorios\\webDriverIOMobile\\node_modules\\appium-uiautomator2-driver\\node_modules\\@appium\\base-driver\\lib\\basedriver\\commands\\find.ts:75:12)'
}
2026-07-30T02:41:14.950Z INFO webdriver: COMMAND findElement("xpath", "//android.widget.TextView[@text="webdriver.io is awesome"]")
2026-07-30T02:41:14.950Z INFO webdriver: [POST] http://127.0.0.1:4723/session/84d1eb51-3b80-4baf-a0ac-13a3512ad17e/element
2026-07-30T02:41:14.951Z INFO webdriver: DATA {"using":"xpath","value":"//android.widget.TextView[@text=\"webdriver.io is awesome\"]"}
2026-07-30T02:41:14.985Z INFO webdriver: RESULT {
  error: 'no such element',
  message: 'An element could not be located on the page using the given search parameters.',
  stacktrace: 'NoSuchElementError: An element could not be located on the page using the given search parameters.\n' +
    '    at AndroidUiautomator2Driver.findElOrEls (C:\\Repositorios\\webDriverIOMobile\\node_modules\\appium-uiautomator2-driver\\node_modules\\appium-android-driver\\lib\\commands\\find.ts:86:11)\n' +
    '    at processTicksAndRejections (node:internal/process/task_queues:95:5)\n' +
    '    at AndroidUiautomator2Driver.findElOrElsWithProcessing (C:\\Repositorios\\webDriverIOMobile\\node_modules\\appium-uiautomator2-driver\\node_modules\\@appium\\base-driver\\lib\\basedriver\\commands\\find.ts:60:12)\n' +
    '    at AndroidUiautomator2Driver.findElement (C:\\Repositorios\\webDriverIOMobile\\node_modules\\appium-uiautomator2-driver\\node_modules\\@appium\\base-driver\\lib\\basedriver\\commands\\find.ts:75:12)'
}
2026-07-30T02:41:15.041Z INFO webdriver: COMMAND findElement("xpath", "//android.widget.TextView[@text="webdriver.io is awesome"]")
2026-07-30T02:41:15.041Z INFO webdriver: [POST] http://127.0.0.1:4723/session/84d1eb51-3b80-4baf-a0ac-13a3512ad17e/element
2026-07-30T02:41:15.041Z INFO webdriver: DATA {"using":"xpath","value":"//android.widget.TextView[@text=\"webdriver.io is awesome\"]"}
2026-07-30T02:41:15.083Z INFO webdriver: RESULT {
  error: 'no such element',
  message: 'An element could not be located on the page using the given search parameters.',
  stacktrace: 'NoSuchElementError: An element could not be located on the page using the given search parameters.\n' +
    '    at AndroidUiautomator2Driver.findElOrEls (C:\\Repositorios\\webDriverIOMobile\\node_modules\\appium-uiautomator2-driver\\node_modules\\appium-android-driver\\lib\\commands\\find.ts:86:11)\n' +
    '    at processTicksAndRejections (node:internal/process/task_queues:95:5)\n' +
    '    at AndroidUiautomator2Driver.findElOrElsWithProcessing (C:\\Repositorios\\webDriverIOMobile\\node_modules\\appium-uiautomator2-driver\\node_modules\\@appium\\base-driver\\lib\\basedriver\\commands\\find.ts:60:12)\n' +
    '    at AndroidUiautomator2Driver.findElement (C:\\Repositorios\\webDriverIOMobile\\node_modules\\appium-uiautomator2-driver\\node_modules\\@appium\\base-driver\\lib\\basedriver\\commands\\find.ts:75:12)'
}
2026-07-30T02:41:15.149Z INFO webdriver: COMMAND findElement("xpath", "//android.widget.TextView[@text="webdriver.io is awesome"]")
2026-07-30T02:41:15.149Z INFO webdriver: [POST] http://127.0.0.1:4723/session/84d1eb51-3b80-4baf-a0ac-13a3512ad17e/element
2026-07-30T02:41:15.149Z INFO webdriver: DATA {"using":"xpath","value":"//android.widget.TextView[@text=\"webdriver.io is awesome\"]"}
2026-07-30T02:41:15.190Z INFO webdriver: RESULT {
  error: 'no such element',
  message: 'An element could not be located on the page using the given search parameters.',
  stacktrace: 'NoSuchElementError: An element could not be located on the page using the given search parameters.\n' +
    '    at AndroidUiautomator2Driver.findElOrEls (C:\\Repositorios\\webDriverIOMobile\\node_modules\\appium-uiautomator2-driver\\node_modules\\appium-android-driver\\lib\\commands\\find.ts:86:11)\n' +
    '    at processTicksAndRejections (node:internal/process/task_queues:95:5)\n' +
    '    at AndroidUiautomator2Driver.findElOrElsWithProcessing (C:\\Repositorios\\webDriverIOMobile\\node_modules\\appium-uiautomator2-driver\\node_modules\\@appium\\base-driver\\lib\\basedriver\\commands\\find.ts:60:12)\n' +
    '    at AndroidUiautomator2Driver.findElement (C:\\Repositorios\\webDriverIOMobile\\node_modules\\appium-uiautomator2-driver\\node_modules\\@appium\\base-driver\\lib\\basedriver\\commands\\find.ts:75:12)'
}
2026-07-30T02:41:15.243Z INFO webdriver: COMMAND findElement("xpath", "//android.widget.TextView[@text="webdriver.io is awesome"]")
2026-07-30T02:41:15.243Z INFO webdriver: [POST] http://127.0.0.1:4723/session/84d1eb51-3b80-4baf-a0ac-13a3512ad17e/element
2026-07-30T02:41:15.243Z INFO webdriver: DATA {"using":"xpath","value":"//android.widget.TextView[@text=\"webdriver.io is awesome\"]"}
2026-07-30T02:41:15.278Z INFO webdriver: RESULT {
  error: 'no such element',
  message: 'An element could not be located on the page using the given search parameters.',
  stacktrace: 'NoSuchElementError: An element could not be located on the page using the given search parameters.\n' +
    '    at AndroidUiautomator2Driver.findElOrEls (C:\\Repositorios\\webDriverIOMobile\\node_modules\\appium-uiautomator2-driver\\node_modules\\appium-android-driver\\lib\\commands\\find.ts:86:11)\n' +
    '    at processTicksAndRejections (node:internal/process/task_queues:95:5)\n' +
    '    at AndroidUiautomator2Driver.findElOrElsWithProcessing (C:\\Repositorios\\webDriverIOMobile\\node_modules\\appium-uiautomator2-driver\\node_modules\\@appium\\base-driver\\lib\\basedriver\\commands\\find.ts:60:12)\n' +
    '    at AndroidUiautomator2Driver.findElement (C:\\Repositorios\\webDriverIOMobile\\node_modules\\appium-uiautomator2-driver\\node_modules\\@appium\\base-driver\\lib\\basedriver\\commands\\find.ts:75:12)'
}
2026-07-30T02:41:15.352Z INFO webdriver: COMMAND findElement("xpath", "//android.widget.TextView[@text="webdriver.io is awesome"]")
2026-07-30T02:41:15.352Z INFO webdriver: [POST] http://127.0.0.1:4723/session/84d1eb51-3b80-4baf-a0ac-13a3512ad17e/element
2026-07-30T02:41:15.352Z INFO webdriver: DATA {"using":"xpath","value":"//android.widget.TextView[@text=\"webdriver.io is awesome\"]"}
2026-07-30T02:41:15.388Z INFO webdriver: RESULT {
  error: 'no such element',
  message: 'An element could not be located on the page using the given search parameters.',
  stacktrace: 'NoSuchElementError: An element could not be located on the page using the given search parameters.\n' +
    '    at AndroidUiautomator2Driver.findElOrEls (C:\\Repositorios\\webDriverIOMobile\\node_modules\\appium-uiautomator2-driver\\node_modules\\appium-android-driver\\lib\\commands\\find.ts:86:11)\n' +
    '    at processTicksAndRejections (node:internal/process/task_queues:95:5)\n' +
    '    at AndroidUiautomator2Driver.findElOrElsWithProcessing (C:\\Repositorios\\webDriverIOMobile\\node_modules\\appium-uiautomator2-driver\\node_modules\\@appium\\base-driver\\lib\\basedriver\\commands\\find.ts:60:12)\n' +
    '    at AndroidUiautomator2Driver.findElement (C:\\Repositorios\\webDriverIOMobile\\node_modules\\appium-uiautomator2-driver\\node_modules\\@appium\\base-driver\\lib\\basedriver\\commands\\find.ts:75:12)'
}
2026-07-30T02:41:15.446Z INFO webdriver: COMMAND findElement("xpath", "//android.widget.TextView[@text="webdriver.io is awesome"]")
2026-07-30T02:41:15.446Z INFO webdriver: [POST] http://127.0.0.1:4723/session/84d1eb51-3b80-4baf-a0ac-13a3512ad17e/element
2026-07-30T02:41:15.446Z INFO webdriver: DATA {"using":"xpath","value":"//android.widget.TextView[@text=\"webdriver.io is awesome\"]"}
2026-07-30T02:41:15.484Z INFO webdriver: RESULT {
  error: 'no such element',
  message: 'An element could not be located on the page using the given search parameters.',
  stacktrace: 'NoSuchElementError: An element could not be located on the page using the given search parameters.\n' +
    '    at AndroidUiautomator2Driver.findElOrEls (C:\\Repositorios\\webDriverIOMobile\\node_modules\\appium-uiautomator2-driver\\node_modules\\appium-android-driver\\lib\\commands\\find.ts:86:11)\n' +
    '    at processTicksAndRejections (node:internal/process/task_queues:95:5)\n' +
    '    at AndroidUiautomator2Driver.findElOrElsWithProcessing (C:\\Repositorios\\webDriverIOMobile\\node_modules\\appium-uiautomator2-driver\\node_modules\\@appium\\base-driver\\lib\\basedriver\\commands\\find.ts:60:12)\n' +
    '    at AndroidUiautomator2Driver.findElement (C:\\Repositorios\\webDriverIOMobile\\node_modules\\appium-uiautomator2-driver\\node_modules\\@appium\\base-driver\\lib\\basedriver\\commands\\find.ts:75:12)'
}
2026-07-30T02:41:15.553Z INFO webdriver: COMMAND findElement("xpath", "//android.widget.TextView[@text="webdriver.io is awesome"]")
2026-07-30T02:41:15.553Z INFO webdriver: [POST] http://127.0.0.1:4723/session/84d1eb51-3b80-4baf-a0ac-13a3512ad17e/element
2026-07-30T02:41:15.554Z INFO webdriver: DATA {"using":"xpath","value":"//android.widget.TextView[@text=\"webdriver.io is awesome\"]"}
2026-07-30T02:41:15.588Z INFO webdriver: RESULT {
  error: 'no such element',
  message: 'An element could not be located on the page using the given search parameters.',
  stacktrace: 'NoSuchElementError: An element could not be located on the page using the given search parameters.\n' +
    '    at AndroidUiautomator2Driver.findElOrEls (C:\\Repositorios\\webDriverIOMobile\\node_modules\\appium-uiautomator2-driver\\node_modules\\appium-android-driver\\lib\\commands\\find.ts:86:11)\n' +
    '    at processTicksAndRejections (node:internal/process/task_queues:95:5)\n' +
    '    at AndroidUiautomator2Driver.findElOrElsWithProcessing (C:\\Repositorios\\webDriverIOMobile\\node_modules\\appium-uiautomator2-driver\\node_modules\\@appium\\base-driver\\lib\\basedriver\\commands\\find.ts:60:12)\n' +
    '    at AndroidUiautomator2Driver.findElement (C:\\Repositorios\\webDriverIOMobile\\node_modules\\appium-uiautomator2-driver\\node_modules\\@appium\\base-driver\\lib\\basedriver\\commands\\find.ts:75:12)'
}
2026-07-30T02:41:15.648Z INFO webdriver: COMMAND findElement("xpath", "//android.widget.TextView[@text="webdriver.io is awesome"]")
2026-07-30T02:41:15.648Z INFO webdriver: [POST] http://127.0.0.1:4723/session/84d1eb51-3b80-4baf-a0ac-13a3512ad17e/element
2026-07-30T02:41:15.648Z INFO webdriver: DATA {"using":"xpath","value":"//android.widget.TextView[@text=\"webdriver.io is awesome\"]"}
2026-07-30T02:41:15.686Z INFO webdriver: RESULT {
  error: 'no such element',
  message: 'An element could not be located on the page using the given search parameters.',
  stacktrace: 'NoSuchElementError: An element could not be located on the page using the given search parameters.\n' +
    '    at AndroidUiautomator2Driver.findElOrEls (C:\\Repositorios\\webDriverIOMobile\\node_modules\\appium-uiautomator2-driver\\node_modules\\appium-android-driver\\lib\\commands\\find.ts:86:11)\n' +
    '    at processTicksAndRejections (node:internal/process/task_queues:95:5)\n' +
    '    at AndroidUiautomator2Driver.findElOrElsWithProcessing (C:\\Repositorios\\webDriverIOMobile\\node_modules\\appium-uiautomator2-driver\\node_modules\\@appium\\base-driver\\lib\\basedriver\\commands\\find.ts:60:12)\n' +
    '    at AndroidUiautomator2Driver.findElement (C:\\Repositorios\\webDriverIOMobile\\node_modules\\appium-uiautomator2-driver\\node_modules\\@appium\\base-driver\\lib\\basedriver\\commands\\find.ts:75:12)'
}
2026-07-30T02:41:15.741Z INFO webdriver: COMMAND findElement("xpath", "//android.widget.TextView[@text="webdriver.io is awesome"]")
2026-07-30T02:41:15.741Z INFO webdriver: [POST] http://127.0.0.1:4723/session/84d1eb51-3b80-4baf-a0ac-13a3512ad17e/element
2026-07-30T02:41:15.741Z INFO webdriver: DATA {"using":"xpath","value":"//android.widget.TextView[@text=\"webdriver.io is awesome\"]"}
2026-07-30T02:41:15.776Z INFO webdriver: RESULT {
  error: 'no such element',
  message: 'An element could not be located on the page using the given search parameters.',
  stacktrace: 'NoSuchElementError: An element could not be located on the page using the given search parameters.\n' +
    '    at AndroidUiautomator2Driver.findElOrEls (C:\\Repositorios\\webDriverIOMobile\\node_modules\\appium-uiautomator2-driver\\node_modules\\appium-android-driver\\lib\\commands\\find.ts:86:11)\n' +
    '    at processTicksAndRejections (node:internal/process/task_queues:95:5)\n' +
    '    at AndroidUiautomator2Driver.findElOrElsWithProcessing (C:\\Repositorios\\webDriverIOMobile\\node_modules\\appium-uiautomator2-driver\\node_modules\\@appium\\base-driver\\lib\\basedriver\\commands\\find.ts:60:12)\n' +
    '    at AndroidUiautomator2Driver.findElement (C:\\Repositorios\\webDriverIOMobile\\node_modules\\appium-uiautomator2-driver\\node_modules\\@appium\\base-driver\\lib\\basedriver\\commands\\find.ts:75:12)'
}
2026-07-30T02:41:15.852Z INFO webdriver: COMMAND findElement("xpath", "//android.widget.TextView[@text="webdriver.io is awesome"]")
2026-07-30T02:41:15.852Z INFO webdriver: [POST] http://127.0.0.1:4723/session/84d1eb51-3b80-4baf-a0ac-13a3512ad17e/element
2026-07-30T02:41:15.852Z INFO webdriver: DATA {"using":"xpath","value":"//android.widget.TextView[@text=\"webdriver.io is awesome\"]"}
2026-07-30T02:41:15.889Z INFO webdriver: RESULT {
  error: 'no such element',
  message: 'An element could not be located on the page using the given search parameters.',
  stacktrace: 'NoSuchElementError: An element could not be located on the page using the given search parameters.\n' +
    '    at AndroidUiautomator2Driver.findElOrEls (C:\\Repositorios\\webDriverIOMobile\\node_modules\\appium-uiautomator2-driver\\node_modules\\appium-android-driver\\lib\\commands\\find.ts:86:11)\n' +
    '    at processTicksAndRejections (node:internal/process/task_queues:95:5)\n' +
    '    at AndroidUiautomator2Driver.findElOrElsWithProcessing (C:\\Repositorios\\webDriverIOMobile\\node_modules\\appium-uiautomator2-driver\\node_modules\\@appium\\base-driver\\lib\\basedriver\\commands\\find.ts:60:12)\n' +
    '    at AndroidUiautomator2Driver.findElement (C:\\Repositorios\\webDriverIOMobile\\node_modules\\appium-uiautomator2-driver\\node_modules\\@appium\\base-driver\\lib\\basedriver\\commands\\find.ts:75:12)'
}
2026-07-30T02:41:15.944Z INFO webdriver: COMMAND findElement("xpath", "//android.widget.TextView[@text="webdriver.io is awesome"]")
2026-07-30T02:41:15.944Z INFO webdriver: [POST] http://127.0.0.1:4723/session/84d1eb51-3b80-4baf-a0ac-13a3512ad17e/element
2026-07-30T02:41:15.944Z INFO webdriver: DATA {"using":"xpath","value":"//android.widget.TextView[@text=\"webdriver.io is awesome\"]"}
2026-07-30T02:41:15.980Z INFO webdriver: RESULT {
  error: 'no such element',
  message: 'An element could not be located on the page using the given search parameters.',
  stacktrace: 'NoSuchElementError: An element could not be located on the page using the given search parameters.\n' +
    '    at AndroidUiautomator2Driver.findElOrEls (C:\\Repositorios\\webDriverIOMobile\\node_modules\\appium-uiautomator2-driver\\node_modules\\appium-android-driver\\lib\\commands\\find.ts:86:11)\n' +
    '    at processTicksAndRejections (node:internal/process/task_queues:95:5)\n' +
    '    at AndroidUiautomator2Driver.findElOrElsWithProcessing (C:\\Repositorios\\webDriverIOMobile\\node_modules\\appium-uiautomator2-driver\\node_modules\\@appium\\base-driver\\lib\\basedriver\\commands\\find.ts:60:12)\n' +
    '    at AndroidUiautomator2Driver.findElement (C:\\Repositorios\\webDriverIOMobile\\node_modules\\appium-uiautomator2-driver\\node_modules\\@appium\\base-driver\\lib\\basedriver\\commands\\find.ts:75:12)'
}
2026-07-30T02:41:16.053Z INFO webdriver: COMMAND findElement("xpath", "//android.widget.TextView[@text="webdriver.io is awesome"]")
2026-07-30T02:41:16.053Z INFO webdriver: [POST] http://127.0.0.1:4723/session/84d1eb51-3b80-4baf-a0ac-13a3512ad17e/element
2026-07-30T02:41:16.053Z INFO webdriver: DATA {"using":"xpath","value":"//android.widget.TextView[@text=\"webdriver.io is awesome\"]"}
2026-07-30T02:41:16.096Z INFO webdriver: RESULT {
  error: 'no such element',
  message: 'An element could not be located on the page using the given search parameters.',
  stacktrace: 'NoSuchElementError: An element could not be located on the page using the given search parameters.\n' +
    '    at AndroidUiautomator2Driver.findElOrEls (C:\\Repositorios\\webDriverIOMobile\\node_modules\\appium-uiautomator2-driver\\node_modules\\appium-android-driver\\lib\\commands\\find.ts:86:11)\n' +
    '    at processTicksAndRejections (node:internal/process/task_queues:95:5)\n' +
    '    at AndroidUiautomator2Driver.findElOrElsWithProcessing (C:\\Repositorios\\webDriverIOMobile\\node_modules\\appium-uiautomator2-driver\\node_modules\\@appium\\base-driver\\lib\\basedriver\\commands\\find.ts:60:12)\n' +
    '    at AndroidUiautomator2Driver.findElement (C:\\Repositorios\\webDriverIOMobile\\node_modules\\appium-uiautomator2-driver\\node_modules\\@appium\\base-driver\\lib\\basedriver\\commands\\find.ts:75:12)'
}
2026-07-30T02:41:16.146Z INFO webdriver: COMMAND findElement("xpath", "//android.widget.TextView[@text="webdriver.io is awesome"]")
2026-07-30T02:41:16.147Z INFO webdriver: [POST] http://127.0.0.1:4723/session/84d1eb51-3b80-4baf-a0ac-13a3512ad17e/element
2026-07-30T02:41:16.147Z INFO webdriver: DATA {"using":"xpath","value":"//android.widget.TextView[@text=\"webdriver.io is awesome\"]"}
2026-07-30T02:41:16.171Z INFO webdriver: RESULT {
  error: 'no such element',
  message: 'An element could not be located on the page using the given search parameters.',
  stacktrace: 'NoSuchElementError: An element could not be located on the page using the given search parameters.\n' +
    '    at AndroidUiautomator2Driver.findElOrEls (C:\\Repositorios\\webDriverIOMobile\\node_modules\\appium-uiautomator2-driver\\node_modules\\appium-android-driver\\lib\\commands\\find.ts:86:11)\n' +
    '    at processTicksAndRejections (node:internal/process/task_queues:95:5)\n' +
    '    at AndroidUiautomator2Driver.findElOrElsWithProcessing (C:\\Repositorios\\webDriverIOMobile\\node_modules\\appium-uiautomator2-driver\\node_modules\\@appium\\base-driver\\lib\\basedriver\\commands\\find.ts:60:12)\n' +
    '    at AndroidUiautomator2Driver.findElement (C:\\Repositorios\\webDriverIOMobile\\node_modules\\appium-uiautomator2-driver\\node_modules\\@appium\\base-driver\\lib\\basedriver\\commands\\find.ts:75:12)'
}
2026-07-30T02:41:16.240Z INFO webdriver: COMMAND findElement("xpath", "//android.widget.TextView[@text="webdriver.io is awesome"]")
2026-07-30T02:41:16.241Z INFO webdriver: [POST] http://127.0.0.1:4723/session/84d1eb51-3b80-4baf-a0ac-13a3512ad17e/element
2026-07-30T02:41:16.241Z INFO webdriver: DATA {"using":"xpath","value":"//android.widget.TextView[@text=\"webdriver.io is awesome\"]"}
2026-07-30T02:41:16.278Z INFO webdriver: RESULT {
  error: 'no such element',
  message: 'An element could not be located on the page using the given search parameters.',
  stacktrace: 'NoSuchElementError: An element could not be located on the page using the given search parameters.\n' +
    '    at AndroidUiautomator2Driver.findElOrEls (C:\\Repositorios\\webDriverIOMobile\\node_modules\\appium-uiautomator2-driver\\node_modules\\appium-android-driver\\lib\\commands\\find.ts:86:11)\n' +
    '    at processTicksAndRejections (node:internal/process/task_queues:95:5)\n' +
    '    at AndroidUiautomator2Driver.findElOrElsWithProcessing (C:\\Repositorios\\webDriverIOMobile\\node_modules\\appium-uiautomator2-driver\\node_modules\\@appium\\base-driver\\lib\\basedriver\\commands\\find.ts:60:12)\n' +
    '    at AndroidUiautomator2Driver.findElement (C:\\Repositorios\\webDriverIOMobile\\node_modules\\appium-uiautomator2-driver\\node_modules\\@appium\\base-driver\\lib\\basedriver\\commands\\find.ts:75:12)'
}
2026-07-30T02:41:16.350Z INFO webdriver: COMMAND findElement("xpath", "//android.widget.TextView[@text="webdriver.io is awesome"]")
2026-07-30T02:41:16.351Z INFO webdriver: [POST] http://127.0.0.1:4723/session/84d1eb51-3b80-4baf-a0ac-13a3512ad17e/element
2026-07-30T02:41:16.351Z INFO webdriver: DATA {"using":"xpath","value":"//android.widget.TextView[@text=\"webdriver.io is awesome\"]"}
2026-07-30T02:41:16.385Z INFO webdriver: RESULT {
  error: 'no such element',
  message: 'An element could not be located on the page using the given search parameters.',
  stacktrace: 'NoSuchElementError: An element could not be located on the page using the given search parameters.\n' +
    '    at AndroidUiautomator2Driver.findElOrEls (C:\\Repositorios\\webDriverIOMobile\\node_modules\\appium-uiautomator2-driver\\node_modules\\appium-android-driver\\lib\\commands\\find.ts:86:11)\n' +
    '    at processTicksAndRejections (node:internal/process/task_queues:95:5)\n' +
    '    at AndroidUiautomator2Driver.findElOrElsWithProcessing (C:\\Repositorios\\webDriverIOMobile\\node_modules\\appium-uiautomator2-driver\\node_modules\\@appium\\base-driver\\lib\\basedriver\\commands\\find.ts:60:12)\n' +
    '    at AndroidUiautomator2Driver.findElement (C:\\Repositorios\\webDriverIOMobile\\node_modules\\appium-uiautomator2-driver\\node_modules\\@appium\\base-driver\\lib\\basedriver\\commands\\find.ts:75:12)'
}
2026-07-30T02:41:16.444Z INFO webdriver: COMMAND findElement("xpath", "//android.widget.TextView[@text="webdriver.io is awesome"]")
2026-07-30T02:41:16.444Z INFO webdriver: [POST] http://127.0.0.1:4723/session/84d1eb51-3b80-4baf-a0ac-13a3512ad17e/element
2026-07-30T02:41:16.444Z INFO webdriver: DATA {"using":"xpath","value":"//android.widget.TextView[@text=\"webdriver.io is awesome\"]"}
2026-07-30T02:41:16.481Z INFO webdriver: RESULT {
  error: 'no such element',
  message: 'An element could not be located on the page using the given search parameters.',
  stacktrace: 'NoSuchElementError: An element could not be located on the page using the given search parameters.\n' +
    '    at AndroidUiautomator2Driver.findElOrEls (C:\\Repositorios\\webDriverIOMobile\\node_modules\\appium-uiautomator2-driver\\node_modules\\appium-android-driver\\lib\\commands\\find.ts:86:11)\n' +
    '    at processTicksAndRejections (node:internal/process/task_queues:95:5)\n' +
    '    at AndroidUiautomator2Driver.findElOrElsWithProcessing (C:\\Repositorios\\webDriverIOMobile\\node_modules\\appium-uiautomator2-driver\\node_modules\\@appium\\base-driver\\lib\\basedriver\\commands\\find.ts:60:12)\n' +
    '    at AndroidUiautomator2Driver.findElement (C:\\Repositorios\\webDriverIOMobile\\node_modules\\appium-uiautomator2-driver\\node_modules\\@appium\\base-driver\\lib\\basedriver\\commands\\find.ts:75:12)'
}
2026-07-30T02:41:16.553Z INFO webdriver: COMMAND findElement("xpath", "//android.widget.TextView[@text="webdriver.io is awesome"]")
2026-07-30T02:41:16.553Z INFO webdriver: [POST] http://127.0.0.1:4723/session/84d1eb51-3b80-4baf-a0ac-13a3512ad17e/element
2026-07-30T02:41:16.553Z INFO webdriver: DATA {"using":"xpath","value":"//android.widget.TextView[@text=\"webdriver.io is awesome\"]"}
2026-07-30T02:41:16.593Z INFO webdriver: RESULT {
  error: 'no such element',
  message: 'An element could not be located on the page using the given search parameters.',
  stacktrace: 'NoSuchElementError: An element could not be located on the page using the given search parameters.\n' +
    '    at AndroidUiautomator2Driver.findElOrEls (C:\\Repositorios\\webDriverIOMobile\\node_modules\\appium-uiautomator2-driver\\node_modules\\appium-android-driver\\lib\\commands\\find.ts:86:11)\n' +
    '    at processTicksAndRejections (node:internal/process/task_queues:95:5)\n' +
    '    at AndroidUiautomator2Driver.findElOrElsWithProcessing (C:\\Repositorios\\webDriverIOMobile\\node_modules\\appium-uiautomator2-driver\\node_modules\\@appium\\base-driver\\lib\\basedriver\\commands\\find.ts:60:12)\n' +
    '    at AndroidUiautomator2Driver.findElement (C:\\Repositorios\\webDriverIOMobile\\node_modules\\appium-uiautomator2-driver\\node_modules\\@appium\\base-driver\\lib\\basedriver\\commands\\find.ts:75:12)'
}
2026-07-30T02:41:16.646Z INFO webdriver: COMMAND findElement("xpath", "//android.widget.TextView[@text="webdriver.io is awesome"]")
2026-07-30T02:41:16.646Z INFO webdriver: [POST] http://127.0.0.1:4723/session/84d1eb51-3b80-4baf-a0ac-13a3512ad17e/element
2026-07-30T02:41:16.646Z INFO webdriver: DATA {"using":"xpath","value":"//android.widget.TextView[@text=\"webdriver.io is awesome\"]"}
2026-07-30T02:41:16.685Z INFO webdriver: RESULT {
  error: 'no such element',
  message: 'An element could not be located on the page using the given search parameters.',
  stacktrace: 'NoSuchElementError: An element could not be located on the page using the given search parameters.\n' +
    '    at AndroidUiautomator2Driver.findElOrEls (C:\\Repositorios\\webDriverIOMobile\\node_modules\\appium-uiautomator2-driver\\node_modules\\appium-android-driver\\lib\\commands\\find.ts:86:11)\n' +
    '    at processTicksAndRejections (node:internal/process/task_queues:95:5)\n' +
    '    at AndroidUiautomator2Driver.findElOrElsWithProcessing (C:\\Repositorios\\webDriverIOMobile\\node_modules\\appium-uiautomator2-driver\\node_modules\\@appium\\base-driver\\lib\\basedriver\\commands\\find.ts:60:12)\n' +
    '    at AndroidUiautomator2Driver.findElement (C:\\Repositorios\\webDriverIOMobile\\node_modules\\appium-uiautomator2-driver\\node_modules\\@appium\\base-driver\\lib\\basedriver\\commands\\find.ts:75:12)'
}
2026-07-30T02:41:16.740Z INFO webdriver: COMMAND findElement("xpath", "//android.widget.TextView[@text="webdriver.io is awesome"]")
2026-07-30T02:41:16.740Z INFO webdriver: [POST] http://127.0.0.1:4723/session/84d1eb51-3b80-4baf-a0ac-13a3512ad17e/element
2026-07-30T02:41:16.740Z INFO webdriver: DATA {"using":"xpath","value":"//android.widget.TextView[@text=\"webdriver.io is awesome\"]"}
2026-07-30T02:41:16.778Z INFO webdriver: RESULT {
  error: 'no such element',
  message: 'An element could not be located on the page using the given search parameters.',
  stacktrace: 'NoSuchElementError: An element could not be located on the page using the given search parameters.\n' +
    '    at AndroidUiautomator2Driver.findElOrEls (C:\\Repositorios\\webDriverIOMobile\\node_modules\\appium-uiautomator2-driver\\node_modules\\appium-android-driver\\lib\\commands\\find.ts:86:11)\n' +
    '    at processTicksAndRejections (node:internal/process/task_queues:95:5)\n' +
    '    at AndroidUiautomator2Driver.findElOrElsWithProcessing (C:\\Repositorios\\webDriverIOMobile\\node_modules\\appium-uiautomator2-driver\\node_modules\\@appium\\base-driver\\lib\\basedriver\\commands\\find.ts:60:12)\n' +
    '    at AndroidUiautomator2Driver.findElement (C:\\Repositorios\\webDriverIOMobile\\node_modules\\appium-uiautomator2-driver\\node_modules\\@appium\\base-driver\\lib\\basedriver\\commands\\find.ts:75:12)'
}
2026-07-30T02:41:16.848Z INFO webdriver: COMMAND findElement("xpath", "//android.widget.TextView[@text="webdriver.io is awesome"]")
2026-07-30T02:41:16.848Z INFO webdriver: [POST] http://127.0.0.1:4723/session/84d1eb51-3b80-4baf-a0ac-13a3512ad17e/element
2026-07-30T02:41:16.848Z INFO webdriver: DATA {"using":"xpath","value":"//android.widget.TextView[@text=\"webdriver.io is awesome\"]"}
2026-07-30T02:41:16.883Z INFO webdriver: RESULT {
  error: 'no such element',
  message: 'An element could not be located on the page using the given search parameters.',
  stacktrace: 'NoSuchElementError: An element could not be located on the page using the given search parameters.\n' +
    '    at AndroidUiautomator2Driver.findElOrEls (C:\\Repositorios\\webDriverIOMobile\\node_modules\\appium-uiautomator2-driver\\node_modules\\appium-android-driver\\lib\\commands\\find.ts:86:11)\n' +
    '    at processTicksAndRejections (node:internal/process/task_queues:95:5)\n' +
    '    at AndroidUiautomator2Driver.findElOrElsWithProcessing (C:\\Repositorios\\webDriverIOMobile\\node_modules\\appium-uiautomator2-driver\\node_modules\\@appium\\base-driver\\lib\\basedriver\\commands\\find.ts:60:12)\n' +
    '    at AndroidUiautomator2Driver.findElement (C:\\Repositorios\\webDriverIOMobile\\node_modules\\appium-uiautomator2-driver\\node_modules\\@appium\\base-driver\\lib\\basedriver\\commands\\find.ts:75:12)'
}
2026-07-30T02:41:16.944Z INFO webdriver: COMMAND findElement("xpath", "//android.widget.TextView[@text="webdriver.io is awesome"]")
2026-07-30T02:41:16.944Z INFO webdriver: [POST] http://127.0.0.1:4723/session/84d1eb51-3b80-4baf-a0ac-13a3512ad17e/element
2026-07-30T02:41:16.944Z INFO webdriver: DATA {"using":"xpath","value":"//android.widget.TextView[@text=\"webdriver.io is awesome\"]"}
2026-07-30T02:41:16.964Z INFO webdriver: RESULT {
  error: 'no such element',
  message: 'An element could not be located on the page using the given search parameters.',
  stacktrace: 'NoSuchElementError: An element could not be located on the page using the given search parameters.\n' +
    '    at AndroidUiautomator2Driver.findElOrEls (C:\\Repositorios\\webDriverIOMobile\\node_modules\\appium-uiautomator2-driver\\node_modules\\appium-android-driver\\lib\\commands\\find.ts:86:11)\n' +
    '    at processTicksAndRejections (node:internal/process/task_queues:95:5)\n' +
    '    at AndroidUiautomator2Driver.findElOrElsWithProcessing (C:\\Repositorios\\webDriverIOMobile\\node_modules\\appium-uiautomator2-driver\\node_modules\\@appium\\base-driver\\lib\\basedriver\\commands\\find.ts:60:12)\n' +
    '    at AndroidUiautomator2Driver.findElement (C:\\Repositorios\\webDriverIOMobile\\node_modules\\appium-uiautomator2-driver\\node_modules\\@appium\\base-driver\\lib\\basedriver\\commands\\find.ts:75:12)'
}
2026-07-30T02:41:17.052Z INFO webdriver: COMMAND findElement("xpath", "//android.widget.TextView[@text="webdriver.io is awesome"]")
2026-07-30T02:41:17.052Z INFO webdriver: [POST] http://127.0.0.1:4723/session/84d1eb51-3b80-4baf-a0ac-13a3512ad17e/element
2026-07-30T02:41:17.052Z INFO webdriver: DATA {"using":"xpath","value":"//android.widget.TextView[@text=\"webdriver.io is awesome\"]"}
2026-07-30T02:41:17.100Z INFO webdriver: RESULT {
  error: 'no such element',
  message: 'An element could not be located on the page using the given search parameters.',
  stacktrace: 'NoSuchElementError: An element could not be located on the page using the given search parameters.\n' +
    '    at AndroidUiautomator2Driver.findElOrEls (C:\\Repositorios\\webDriverIOMobile\\node_modules\\appium-uiautomator2-driver\\node_modules\\appium-android-driver\\lib\\commands\\find.ts:86:11)\n' +
    '    at processTicksAndRejections (node:internal/process/task_queues:95:5)\n' +
    '    at AndroidUiautomator2Driver.findElOrElsWithProcessing (C:\\Repositorios\\webDriverIOMobile\\node_modules\\appium-uiautomator2-driver\\node_modules\\@appium\\base-driver\\lib\\basedriver\\commands\\find.ts:60:12)\n' +
    '    at AndroidUiautomator2Driver.findElement (C:\\Repositorios\\webDriverIOMobile\\node_modules\\appium-uiautomator2-driver\\node_modules\\@appium\\base-driver\\lib\\basedriver\\commands\\find.ts:75:12)'
}
2026-07-30T02:41:17.145Z INFO webdriver: COMMAND findElement("xpath", "//android.widget.TextView[@text="webdriver.io is awesome"]")
2026-07-30T02:41:17.146Z INFO webdriver: [POST] http://127.0.0.1:4723/session/84d1eb51-3b80-4baf-a0ac-13a3512ad17e/element
2026-07-30T02:41:17.146Z INFO webdriver: DATA {"using":"xpath","value":"//android.widget.TextView[@text=\"webdriver.io is awesome\"]"}
2026-07-30T02:41:17.180Z INFO webdriver: RESULT {
  error: 'no such element',
  message: 'An element could not be located on the page using the given search parameters.',
  stacktrace: 'NoSuchElementError: An element could not be located on the page using the given search parameters.\n' +
    '    at AndroidUiautomator2Driver.findElOrEls (C:\\Repositorios\\webDriverIOMobile\\node_modules\\appium-uiautomator2-driver\\node_modules\\appium-android-driver\\lib\\commands\\find.ts:86:11)\n' +
    '    at processTicksAndRejections (node:internal/process/task_queues:95:5)\n' +
    '    at AndroidUiautomator2Driver.findElOrElsWithProcessing (C:\\Repositorios\\webDriverIOMobile\\node_modules\\appium-uiautomator2-driver\\node_modules\\@appium\\base-driver\\lib\\basedriver\\commands\\find.ts:60:12)\n' +
    '    at AndroidUiautomator2Driver.findElement (C:\\Repositorios\\webDriverIOMobile\\node_modules\\appium-uiautomator2-driver\\node_modules\\@appium\\base-driver\\lib\\basedriver\\commands\\find.ts:75:12)'
}
2026-07-30T02:41:17.239Z INFO webdriver: COMMAND findElement("xpath", "//android.widget.TextView[@text="webdriver.io is awesome"]")
2026-07-30T02:41:17.239Z INFO webdriver: [POST] http://127.0.0.1:4723/session/84d1eb51-3b80-4baf-a0ac-13a3512ad17e/element
2026-07-30T02:41:17.239Z INFO webdriver: DATA {"using":"xpath","value":"//android.widget.TextView[@text=\"webdriver.io is awesome\"]"}
2026-07-30T02:41:17.281Z INFO webdriver: RESULT {
  error: 'no such element',
  message: 'An element could not be located on the page using the given search parameters.',
  stacktrace: 'NoSuchElementError: An element could not be located on the page using the given search parameters.\n' +
    '    at AndroidUiautomator2Driver.findElOrEls (C:\\Repositorios\\webDriverIOMobile\\node_modules\\appium-uiautomator2-driver\\node_modules\\appium-android-driver\\lib\\commands\\find.ts:86:11)\n' +
    '    at processTicksAndRejections (node:internal/process/task_queues:95:5)\n' +
    '    at AndroidUiautomator2Driver.findElOrElsWithProcessing (C:\\Repositorios\\webDriverIOMobile\\node_modules\\appium-uiautomator2-driver\\node_modules\\@appium\\base-driver\\lib\\basedriver\\commands\\find.ts:60:12)\n' +
    '    at AndroidUiautomator2Driver.findElement (C:\\Repositorios\\webDriverIOMobile\\node_modules\\appium-uiautomator2-driver\\node_modules\\@appium\\base-driver\\lib\\basedriver\\commands\\find.ts:75:12)'
}
2026-07-30T02:41:17.349Z INFO webdriver: COMMAND findElement("xpath", "//android.widget.TextView[@text="webdriver.io is awesome"]")
2026-07-30T02:41:17.349Z INFO webdriver: [POST] http://127.0.0.1:4723/session/84d1eb51-3b80-4baf-a0ac-13a3512ad17e/element
2026-07-30T02:41:17.349Z INFO webdriver: DATA {"using":"xpath","value":"//android.widget.TextView[@text=\"webdriver.io is awesome\"]"}
2026-07-30T02:41:17.387Z INFO webdriver: RESULT {
  error: 'no such element',
  message: 'An element could not be located on the page using the given search parameters.',
  stacktrace: 'NoSuchElementError: An element could not be located on the page using the given search parameters.\n' +
    '    at AndroidUiautomator2Driver.findElOrEls (C:\\Repositorios\\webDriverIOMobile\\node_modules\\appium-uiautomator2-driver\\node_modules\\appium-android-driver\\lib\\commands\\find.ts:86:11)\n' +
    '    at processTicksAndRejections (node:internal/process/task_queues:95:5)\n' +
    '    at AndroidUiautomator2Driver.findElOrElsWithProcessing (C:\\Repositorios\\webDriverIOMobile\\node_modules\\appium-uiautomator2-driver\\node_modules\\@appium\\base-driver\\lib\\basedriver\\commands\\find.ts:60:12)\n' +
    '    at AndroidUiautomator2Driver.findElement (C:\\Repositorios\\webDriverIOMobile\\node_modules\\appium-uiautomator2-driver\\node_modules\\@appium\\base-driver\\lib\\basedriver\\commands\\find.ts:75:12)'
}
2026-07-30T02:41:17.442Z INFO webdriver: COMMAND findElement("xpath", "//android.widget.TextView[@text="webdriver.io is awesome"]")
2026-07-30T02:41:17.443Z INFO webdriver: [POST] http://127.0.0.1:4723/session/84d1eb51-3b80-4baf-a0ac-13a3512ad17e/element
2026-07-30T02:41:17.443Z INFO webdriver: DATA {"using":"xpath","value":"//android.widget.TextView[@text=\"webdriver.io is awesome\"]"}
2026-07-30T02:41:17.477Z INFO webdriver: RESULT {
  error: 'no such element',
  message: 'An element could not be located on the page using the given search parameters.',
  stacktrace: 'NoSuchElementError: An element could not be located on the page using the given search parameters.\n' +
    '    at AndroidUiautomator2Driver.findElOrEls (C:\\Repositorios\\webDriverIOMobile\\node_modules\\appium-uiautomator2-driver\\node_modules\\appium-android-driver\\lib\\commands\\find.ts:86:11)\n' +
    '    at processTicksAndRejections (node:internal/process/task_queues:95:5)\n' +
    '    at AndroidUiautomator2Driver.findElOrElsWithProcessing (C:\\Repositorios\\webDriverIOMobile\\node_modules\\appium-uiautomator2-driver\\node_modules\\@appium\\base-driver\\lib\\basedriver\\commands\\find.ts:60:12)\n' +
    '    at AndroidUiautomator2Driver.findElement (C:\\Repositorios\\webDriverIOMobile\\node_modules\\appium-uiautomator2-driver\\node_modules\\@appium\\base-driver\\lib\\basedriver\\commands\\find.ts:75:12)'
}
2026-07-30T02:41:17.550Z INFO webdriver: COMMAND findElement("xpath", "//android.widget.TextView[@text="webdriver.io is awesome"]")
2026-07-30T02:41:17.551Z INFO webdriver: [POST] http://127.0.0.1:4723/session/84d1eb51-3b80-4baf-a0ac-13a3512ad17e/element
2026-07-30T02:41:17.551Z INFO webdriver: DATA {"using":"xpath","value":"//android.widget.TextView[@text=\"webdriver.io is awesome\"]"}
2026-07-30T02:41:17.584Z INFO webdriver: RESULT {
  error: 'no such element',
  message: 'An element could not be located on the page using the given search parameters.',
  stacktrace: 'NoSuchElementError: An element could not be located on the page using the given search parameters.\n' +
    '    at AndroidUiautomator2Driver.findElOrEls (C:\\Repositorios\\webDriverIOMobile\\node_modules\\appium-uiautomator2-driver\\node_modules\\appium-android-driver\\lib\\commands\\find.ts:86:11)\n' +
    '    at processTicksAndRejections (node:internal/process/task_queues:95:5)\n' +
    '    at AndroidUiautomator2Driver.findElOrElsWithProcessing (C:\\Repositorios\\webDriverIOMobile\\node_modules\\appium-uiautomator2-driver\\node_modules\\@appium\\base-driver\\lib\\basedriver\\commands\\find.ts:60:12)\n' +
    '    at AndroidUiautomator2Driver.findElement (C:\\Repositorios\\webDriverIOMobile\\node_modules\\appium-uiautomator2-driver\\node_modules\\@appium\\base-driver\\lib\\basedriver\\commands\\find.ts:75:12)'
}
2026-07-30T02:41:17.643Z INFO webdriver: COMMAND findElement("xpath", "//android.widget.TextView[@text="webdriver.io is awesome"]")
2026-07-30T02:41:17.644Z INFO webdriver: [POST] http://127.0.0.1:4723/session/84d1eb51-3b80-4baf-a0ac-13a3512ad17e/element
2026-07-30T02:41:17.644Z INFO webdriver: DATA {"using":"xpath","value":"//android.widget.TextView[@text=\"webdriver.io is awesome\"]"}
2026-07-30T02:41:17.668Z INFO webdriver: RESULT {
  error: 'no such element',
  message: 'An element could not be located on the page using the given search parameters.',
  stacktrace: 'NoSuchElementError: An element could not be located on the page using the given search parameters.\n' +
    '    at AndroidUiautomator2Driver.findElOrEls (C:\\Repositorios\\webDriverIOMobile\\node_modules\\appium-uiautomator2-driver\\node_modules\\appium-android-driver\\lib\\commands\\find.ts:86:11)\n' +
    '    at processTicksAndRejections (node:internal/process/task_queues:95:5)\n' +
    '    at AndroidUiautomator2Driver.findElOrElsWithProcessing (C:\\Repositorios\\webDriverIOMobile\\node_modules\\appium-uiautomator2-driver\\node_modules\\@appium\\base-driver\\lib\\basedriver\\commands\\find.ts:60:12)\n' +
    '    at AndroidUiautomator2Driver.findElement (C:\\Repositorios\\webDriverIOMobile\\node_modules\\appium-uiautomator2-driver\\node_modules\\@appium\\base-driver\\lib\\basedriver\\commands\\find.ts:75:12)'
}
2026-07-30T02:41:17.752Z INFO webdriver: COMMAND findElement("xpath", "//android.widget.TextView[@text="webdriver.io is awesome"]")
2026-07-30T02:41:17.753Z INFO webdriver: [POST] http://127.0.0.1:4723/session/84d1eb51-3b80-4baf-a0ac-13a3512ad17e/element
2026-07-30T02:41:17.753Z INFO webdriver: DATA {"using":"xpath","value":"//android.widget.TextView[@text=\"webdriver.io is awesome\"]"}
2026-07-30T02:41:17.791Z INFO webdriver: RESULT {
  error: 'no such element',
  message: 'An element could not be located on the page using the given search parameters.',
  stacktrace: 'NoSuchElementError: An element could not be located on the page using the given search parameters.\n' +
    '    at AndroidUiautomator2Driver.findElOrEls (C:\\Repositorios\\webDriverIOMobile\\node_modules\\appium-uiautomator2-driver\\node_modules\\appium-android-driver\\lib\\commands\\find.ts:86:11)\n' +
    '    at processTicksAndRejections (node:internal/process/task_queues:95:5)\n' +
    '    at AndroidUiautomator2Driver.findElOrElsWithProcessing (C:\\Repositorios\\webDriverIOMobile\\node_modules\\appium-uiautomator2-driver\\node_modules\\@appium\\base-driver\\lib\\basedriver\\commands\\find.ts:60:12)\n' +
    '    at AndroidUiautomator2Driver.findElement (C:\\Repositorios\\webDriverIOMobile\\node_modules\\appium-uiautomator2-driver\\node_modules\\@appium\\base-driver\\lib\\basedriver\\commands\\find.ts:75:12)'
}
2026-07-30T02:41:17.846Z INFO webdriver: COMMAND findElement("xpath", "//android.widget.TextView[@text="webdriver.io is awesome"]")
2026-07-30T02:41:17.846Z INFO webdriver: [POST] http://127.0.0.1:4723/session/84d1eb51-3b80-4baf-a0ac-13a3512ad17e/element
2026-07-30T02:41:17.846Z INFO webdriver: DATA {"using":"xpath","value":"//android.widget.TextView[@text=\"webdriver.io is awesome\"]"}
2026-07-30T02:41:17.881Z INFO webdriver: RESULT {
  error: 'no such element',
  message: 'An element could not be located on the page using the given search parameters.',
  stacktrace: 'NoSuchElementError: An element could not be located on the page using the given search parameters.\n' +
    '    at AndroidUiautomator2Driver.findElOrEls (C:\\Repositorios\\webDriverIOMobile\\node_modules\\appium-uiautomator2-driver\\node_modules\\appium-android-driver\\lib\\commands\\find.ts:86:11)\n' +
    '    at processTicksAndRejections (node:internal/process/task_queues:95:5)\n' +
    '    at AndroidUiautomator2Driver.findElOrElsWithProcessing (C:\\Repositorios\\webDriverIOMobile\\node_modules\\appium-uiautomator2-driver\\node_modules\\@appium\\base-driver\\lib\\basedriver\\commands\\find.ts:60:12)\n' +
    '    at AndroidUiautomator2Driver.findElement (C:\\Repositorios\\webDriverIOMobile\\node_modules\\appium-uiautomator2-driver\\node_modules\\@appium\\base-driver\\lib\\basedriver\\commands\\find.ts:75:12)'
}
2026-07-30T02:41:17.955Z INFO webdriver: COMMAND findElement("xpath", "//android.widget.TextView[@text="webdriver.io is awesome"]")
2026-07-30T02:41:17.955Z INFO webdriver: [POST] http://127.0.0.1:4723/session/84d1eb51-3b80-4baf-a0ac-13a3512ad17e/element
2026-07-30T02:41:17.955Z INFO webdriver: DATA {"using":"xpath","value":"//android.widget.TextView[@text=\"webdriver.io is awesome\"]"}
2026-07-30T02:41:17.995Z INFO webdriver: RESULT {
  error: 'no such element',
  message: 'An element could not be located on the page using the given search parameters.',
  stacktrace: 'NoSuchElementError: An element could not be located on the page using the given search parameters.\n' +
    '    at AndroidUiautomator2Driver.findElOrEls (C:\\Repositorios\\webDriverIOMobile\\node_modules\\appium-uiautomator2-driver\\node_modules\\appium-android-driver\\lib\\commands\\find.ts:86:11)\n' +
    '    at processTicksAndRejections (node:internal/process/task_queues:95:5)\n' +
    '    at AndroidUiautomator2Driver.findElOrElsWithProcessing (C:\\Repositorios\\webDriverIOMobile\\node_modules\\appium-uiautomator2-driver\\node_modules\\@appium\\base-driver\\lib\\basedriver\\commands\\find.ts:60:12)\n' +
    '    at AndroidUiautomator2Driver.findElement (C:\\Repositorios\\webDriverIOMobile\\node_modules\\appium-uiautomator2-driver\\node_modules\\@appium\\base-driver\\lib\\basedriver\\commands\\find.ts:75:12)'
}
2026-07-30T02:41:18.049Z INFO webdriver: COMMAND findElement("xpath", "//android.widget.TextView[@text="webdriver.io is awesome"]")
2026-07-30T02:41:18.050Z INFO webdriver: [POST] http://127.0.0.1:4723/session/84d1eb51-3b80-4baf-a0ac-13a3512ad17e/element
2026-07-30T02:41:18.050Z INFO webdriver: DATA {"using":"xpath","value":"//android.widget.TextView[@text=\"webdriver.io is awesome\"]"}
2026-07-30T02:41:18.088Z INFO webdriver: RESULT {
  error: 'no such element',
  message: 'An element could not be located on the page using the given search parameters.',
  stacktrace: 'NoSuchElementError: An element could not be located on the page using the given search parameters.\n' +
    '    at AndroidUiautomator2Driver.findElOrEls (C:\\Repositorios\\webDriverIOMobile\\node_modules\\appium-uiautomator2-driver\\node_modules\\appium-android-driver\\lib\\commands\\find.ts:86:11)\n' +
    '    at processTicksAndRejections (node:internal/process/task_queues:95:5)\n' +
    '    at AndroidUiautomator2Driver.findElOrElsWithProcessing (C:\\Repositorios\\webDriverIOMobile\\node_modules\\appium-uiautomator2-driver\\node_modules\\@appium\\base-driver\\lib\\basedriver\\commands\\find.ts:60:12)\n' +
    '    at AndroidUiautomator2Driver.findElement (C:\\Repositorios\\webDriverIOMobile\\node_modules\\appium-uiautomator2-driver\\node_modules\\@appium\\base-driver\\lib\\basedriver\\commands\\find.ts:75:12)'
}
2026-07-30T02:41:18.142Z INFO webdriver: COMMAND findElement("xpath", "//android.widget.TextView[@text="webdriver.io is awesome"]")
2026-07-30T02:41:18.142Z INFO webdriver: [POST] http://127.0.0.1:4723/session/84d1eb51-3b80-4baf-a0ac-13a3512ad17e/element
2026-07-30T02:41:18.142Z INFO webdriver: DATA {"using":"xpath","value":"//android.widget.TextView[@text=\"webdriver.io is awesome\"]"}
2026-07-30T02:41:18.177Z INFO webdriver: RESULT {
  error: 'no such element',
  message: 'An element could not be located on the page using the given search parameters.',
  stacktrace: 'NoSuchElementError: An element could not be located on the page using the given search parameters.\n' +
    '    at AndroidUiautomator2Driver.findElOrEls (C:\\Repositorios\\webDriverIOMobile\\node_modules\\appium-uiautomator2-driver\\node_modules\\appium-android-driver\\lib\\commands\\find.ts:86:11)\n' +
    '    at processTicksAndRejections (node:internal/process/task_queues:95:5)\n' +
    '    at AndroidUiautomator2Driver.findElOrElsWithProcessing (C:\\Repositorios\\webDriverIOMobile\\node_modules\\appium-uiautomator2-driver\\node_modules\\@appium\\base-driver\\lib\\basedriver\\commands\\find.ts:60:12)\n' +
    '    at AndroidUiautomator2Driver.findElement (C:\\Repositorios\\webDriverIOMobile\\node_modules\\appium-uiautomator2-driver\\node_modules\\@appium\\base-driver\\lib\\basedriver\\commands\\find.ts:75:12)'
}
2026-07-30T02:41:18.252Z INFO webdriver: COMMAND findElement("xpath", "//android.widget.TextView[@text="webdriver.io is awesome"]")
2026-07-30T02:41:18.252Z INFO webdriver: [POST] http://127.0.0.1:4723/session/84d1eb51-3b80-4baf-a0ac-13a3512ad17e/element
2026-07-30T02:41:18.252Z INFO webdriver: DATA {"using":"xpath","value":"//android.widget.TextView[@text=\"webdriver.io is awesome\"]"}
2026-07-30T02:41:18.298Z INFO webdriver: RESULT {
  error: 'no such element',
  message: 'An element could not be located on the page using the given search parameters.',
  stacktrace: 'NoSuchElementError: An element could not be located on the page using the given search parameters.\n' +
    '    at AndroidUiautomator2Driver.findElOrEls (C:\\Repositorios\\webDriverIOMobile\\node_modules\\appium-uiautomator2-driver\\node_modules\\appium-android-driver\\lib\\commands\\find.ts:86:11)\n' +
    '    at processTicksAndRejections (node:internal/process/task_queues:95:5)\n' +
    '    at AndroidUiautomator2Driver.findElOrElsWithProcessing (C:\\Repositorios\\webDriverIOMobile\\node_modules\\appium-uiautomator2-driver\\node_modules\\@appium\\base-driver\\lib\\basedriver\\commands\\find.ts:60:12)\n' +
    '    at AndroidUiautomator2Driver.findElement (C:\\Repositorios\\webDriverIOMobile\\node_modules\\appium-uiautomator2-driver\\node_modules\\@appium\\base-driver\\lib\\basedriver\\commands\\find.ts:75:12)'
}
2026-07-30T02:41:18.347Z INFO webdriver: COMMAND findElement("xpath", "//android.widget.TextView[@text="webdriver.io is awesome"]")
2026-07-30T02:41:18.347Z INFO webdriver: [POST] http://127.0.0.1:4723/session/84d1eb51-3b80-4baf-a0ac-13a3512ad17e/element
2026-07-30T02:41:18.347Z INFO webdriver: DATA {"using":"xpath","value":"//android.widget.TextView[@text=\"webdriver.io is awesome\"]"}
2026-07-30T02:41:18.381Z INFO webdriver: RESULT {
  error: 'no such element',
  message: 'An element could not be located on the page using the given search parameters.',
  stacktrace: 'NoSuchElementError: An element could not be located on the page using the given search parameters.\n' +
    '    at AndroidUiautomator2Driver.findElOrEls (C:\\Repositorios\\webDriverIOMobile\\node_modules\\appium-uiautomator2-driver\\node_modules\\appium-android-driver\\lib\\commands\\find.ts:86:11)\n' +
    '    at processTicksAndRejections (node:internal/process/task_queues:95:5)\n' +
    '    at AndroidUiautomator2Driver.findElOrElsWithProcessing (C:\\Repositorios\\webDriverIOMobile\\node_modules\\appium-uiautomator2-driver\\node_modules\\@appium\\base-driver\\lib\\basedriver\\commands\\find.ts:60:12)\n' +
    '    at AndroidUiautomator2Driver.findElement (C:\\Repositorios\\webDriverIOMobile\\node_modules\\appium-uiautomator2-driver\\node_modules\\@appium\\base-driver\\lib\\basedriver\\commands\\find.ts:75:12)'
}
2026-07-30T02:41:18.441Z INFO webdriver: COMMAND findElement("xpath", "//android.widget.TextView[@text="webdriver.io is awesome"]")
2026-07-30T02:41:18.441Z INFO webdriver: [POST] http://127.0.0.1:4723/session/84d1eb51-3b80-4baf-a0ac-13a3512ad17e/element
2026-07-30T02:41:18.441Z INFO webdriver: DATA {"using":"xpath","value":"//android.widget.TextView[@text=\"webdriver.io is awesome\"]"}
2026-07-30T02:41:18.478Z INFO webdriver: RESULT {
  error: 'no such element',
  message: 'An element could not be located on the page using the given search parameters.',
  stacktrace: 'NoSuchElementError: An element could not be located on the page using the given search parameters.\n' +
    '    at AndroidUiautomator2Driver.findElOrEls (C:\\Repositorios\\webDriverIOMobile\\node_modules\\appium-uiautomator2-driver\\node_modules\\appium-android-driver\\lib\\commands\\find.ts:86:11)\n' +
    '    at processTicksAndRejections (node:internal/process/task_queues:95:5)\n' +
    '    at AndroidUiautomator2Driver.findElOrElsWithProcessing (C:\\Repositorios\\webDriverIOMobile\\node_modules\\appium-uiautomator2-driver\\node_modules\\@appium\\base-driver\\lib\\basedriver\\commands\\find.ts:60:12)\n' +
    '    at AndroidUiautomator2Driver.findElement (C:\\Repositorios\\webDriverIOMobile\\node_modules\\appium-uiautomator2-driver\\node_modules\\@appium\\base-driver\\lib\\basedriver\\commands\\find.ts:75:12)'
}
2026-07-30T02:41:18.550Z INFO webdriver: COMMAND findElement("xpath", "//android.widget.TextView[@text="webdriver.io is awesome"]")
2026-07-30T02:41:18.551Z INFO webdriver: [POST] http://127.0.0.1:4723/session/84d1eb51-3b80-4baf-a0ac-13a3512ad17e/element
2026-07-30T02:41:18.551Z INFO webdriver: DATA {"using":"xpath","value":"//android.widget.TextView[@text=\"webdriver.io is awesome\"]"}
2026-07-30T02:41:18.590Z INFO webdriver: RESULT {
  error: 'no such element',
  message: 'An element could not be located on the page using the given search parameters.',
  stacktrace: 'NoSuchElementError: An element could not be located on the page using the given search parameters.\n' +
    '    at AndroidUiautomator2Driver.findElOrEls (C:\\Repositorios\\webDriverIOMobile\\node_modules\\appium-uiautomator2-driver\\node_modules\\appium-android-driver\\lib\\commands\\find.ts:86:11)\n' +
    '    at processTicksAndRejections (node:internal/process/task_queues:95:5)\n' +
    '    at AndroidUiautomator2Driver.findElOrElsWithProcessing (C:\\Repositorios\\webDriverIOMobile\\node_modules\\appium-uiautomator2-driver\\node_modules\\@appium\\base-driver\\lib\\basedriver\\commands\\find.ts:60:12)\n' +
    '    at AndroidUiautomator2Driver.findElement (C:\\Repositorios\\webDriverIOMobile\\node_modules\\appium-uiautomator2-driver\\node_modules\\@appium\\base-driver\\lib\\basedriver\\commands\\find.ts:75:12)'
}
2026-07-30T02:41:18.643Z INFO webdriver: COMMAND findElement("xpath", "//android.widget.TextView[@text="webdriver.io is awesome"]")
2026-07-30T02:41:18.643Z INFO webdriver: [POST] http://127.0.0.1:4723/session/84d1eb51-3b80-4baf-a0ac-13a3512ad17e/element
2026-07-30T02:41:18.644Z INFO webdriver: DATA {"using":"xpath","value":"//android.widget.TextView[@text=\"webdriver.io is awesome\"]"}
2026-07-30T02:41:18.678Z INFO webdriver: RESULT {
  error: 'no such element',
  message: 'An element could not be located on the page using the given search parameters.',
  stacktrace: 'NoSuchElementError: An element could not be located on the page using the given search parameters.\n' +
    '    at AndroidUiautomator2Driver.findElOrEls (C:\\Repositorios\\webDriverIOMobile\\node_modules\\appium-uiautomator2-driver\\node_modules\\appium-android-driver\\lib\\commands\\find.ts:86:11)\n' +
    '    at processTicksAndRejections (node:internal/process/task_queues:95:5)\n' +
    '    at AndroidUiautomator2Driver.findElOrElsWithProcessing (C:\\Repositorios\\webDriverIOMobile\\node_modules\\appium-uiautomator2-driver\\node_modules\\@appium\\base-driver\\lib\\basedriver\\commands\\find.ts:60:12)\n' +
    '    at AndroidUiautomator2Driver.findElement (C:\\Repositorios\\webDriverIOMobile\\node_modules\\appium-uiautomator2-driver\\node_modules\\@appium\\base-driver\\lib\\basedriver\\commands\\find.ts:75:12)'
}
2026-07-30T02:41:18.751Z INFO webdriver: COMMAND findElement("xpath", "//android.widget.TextView[@text="webdriver.io is awesome"]")
2026-07-30T02:41:18.751Z INFO webdriver: [POST] http://127.0.0.1:4723/session/84d1eb51-3b80-4baf-a0ac-13a3512ad17e/element
2026-07-30T02:41:18.751Z INFO webdriver: DATA {"using":"xpath","value":"//android.widget.TextView[@text=\"webdriver.io is awesome\"]"}
2026-07-30T02:41:18.787Z INFO webdriver: RESULT {
  error: 'no such element',
  message: 'An element could not be located on the page using the given search parameters.',
  stacktrace: 'NoSuchElementError: An element could not be located on the page using the given search parameters.\n' +
    '    at AndroidUiautomator2Driver.findElOrEls (C:\\Repositorios\\webDriverIOMobile\\node_modules\\appium-uiautomator2-driver\\node_modules\\appium-android-driver\\lib\\commands\\find.ts:86:11)\n' +
    '    at processTicksAndRejections (node:internal/process/task_queues:95:5)\n' +
    '    at AndroidUiautomator2Driver.findElOrElsWithProcessing (C:\\Repositorios\\webDriverIOMobile\\node_modules\\appium-uiautomator2-driver\\node_modules\\@appium\\base-driver\\lib\\basedriver\\commands\\find.ts:60:12)\n' +
    '    at AndroidUiautomator2Driver.findElement (C:\\Repositorios\\webDriverIOMobile\\node_modules\\appium-uiautomator2-driver\\node_modules\\@appium\\base-driver\\lib\\basedriver\\commands\\find.ts:75:12)'
}
2026-07-30T02:41:18.844Z INFO webdriver: COMMAND findElement("xpath", "//android.widget.TextView[@text="webdriver.io is awesome"]")
2026-07-30T02:41:18.845Z INFO webdriver: [POST] http://127.0.0.1:4723/session/84d1eb51-3b80-4baf-a0ac-13a3512ad17e/element
2026-07-30T02:41:18.845Z INFO webdriver: DATA {"using":"xpath","value":"//android.widget.TextView[@text=\"webdriver.io is awesome\"]"}
2026-07-30T02:41:18.870Z INFO webdriver: RESULT {
  error: 'no such element',
  message: 'An element could not be located on the page using the given search parameters.',
  stacktrace: 'NoSuchElementError: An element could not be located on the page using the given search parameters.\n' +
    '    at AndroidUiautomator2Driver.findElOrEls (C:\\Repositorios\\webDriverIOMobile\\node_modules\\appium-uiautomator2-driver\\node_modules\\appium-android-driver\\lib\\commands\\find.ts:86:11)\n' +
    '    at processTicksAndRejections (node:internal/process/task_queues:95:5)\n' +
    '    at AndroidUiautomator2Driver.findElOrElsWithProcessing (C:\\Repositorios\\webDriverIOMobile\\node_modules\\appium-uiautomator2-driver\\node_modules\\@appium\\base-driver\\lib\\basedriver\\commands\\find.ts:60:12)\n' +
    '    at AndroidUiautomator2Driver.findElement (C:\\Repositorios\\webDriverIOMobile\\node_modules\\appium-uiautomator2-driver\\node_modules\\@appium\\base-driver\\lib\\basedriver\\commands\\find.ts:75:12)'
}
2026-07-30T02:41:18.939Z INFO webdriver: COMMAND findElement("xpath", "//android.widget.TextView[@text="webdriver.io is awesome"]")
2026-07-30T02:41:18.939Z INFO webdriver: [POST] http://127.0.0.1:4723/session/84d1eb51-3b80-4baf-a0ac-13a3512ad17e/element
2026-07-30T02:41:18.939Z INFO webdriver: DATA {"using":"xpath","value":"//android.widget.TextView[@text=\"webdriver.io is awesome\"]"}
2026-07-30T02:41:18.975Z INFO webdriver: RESULT {
  error: 'no such element',
  message: 'An element could not be located on the page using the given search parameters.',
  stacktrace: 'NoSuchElementError: An element could not be located on the page using the given search parameters.\n' +
    '    at AndroidUiautomator2Driver.findElOrEls (C:\\Repositorios\\webDriverIOMobile\\node_modules\\appium-uiautomator2-driver\\node_modules\\appium-android-driver\\lib\\commands\\find.ts:86:11)\n' +
    '    at processTicksAndRejections (node:internal/process/task_queues:95:5)\n' +
    '    at AndroidUiautomator2Driver.findElOrElsWithProcessing (C:\\Repositorios\\webDriverIOMobile\\node_modules\\appium-uiautomator2-driver\\node_modules\\@appium\\base-driver\\lib\\basedriver\\commands\\find.ts:60:12)\n' +
    '    at AndroidUiautomator2Driver.findElement (C:\\Repositorios\\webDriverIOMobile\\node_modules\\appium-uiautomator2-driver\\node_modules\\@appium\\base-driver\\lib\\basedriver\\commands\\find.ts:75:12)'
}
2026-07-30T02:41:19.049Z INFO webdriver: COMMAND findElement("xpath", "//android.widget.TextView[@text="webdriver.io is awesome"]")
2026-07-30T02:41:19.049Z INFO webdriver: [POST] http://127.0.0.1:4723/session/84d1eb51-3b80-4baf-a0ac-13a3512ad17e/element
2026-07-30T02:41:19.049Z INFO webdriver: DATA {"using":"xpath","value":"//android.widget.TextView[@text=\"webdriver.io is awesome\"]"}
2026-07-30T02:41:19.094Z INFO webdriver: RESULT {
  error: 'no such element',
  message: 'An element could not be located on the page using the given search parameters.',
  stacktrace: 'NoSuchElementError: An element could not be located on the page using the given search parameters.\n' +
    '    at AndroidUiautomator2Driver.findElOrEls (C:\\Repositorios\\webDriverIOMobile\\node_modules\\appium-uiautomator2-driver\\node_modules\\appium-android-driver\\lib\\commands\\find.ts:86:11)\n' +
    '    at processTicksAndRejections (node:internal/process/task_queues:95:5)\n' +
    '    at AndroidUiautomator2Driver.findElOrElsWithProcessing (C:\\Repositorios\\webDriverIOMobile\\node_modules\\appium-uiautomator2-driver\\node_modules\\@appium\\base-driver\\lib\\basedriver\\commands\\find.ts:60:12)\n' +
    '    at AndroidUiautomator2Driver.findElement (C:\\Repositorios\\webDriverIOMobile\\node_modules\\appium-uiautomator2-driver\\node_modules\\@appium\\base-driver\\lib\\basedriver\\commands\\find.ts:75:12)'
}
2026-07-30T02:41:19.142Z INFO webdriver: COMMAND findElement("xpath", "//android.widget.TextView[@text="webdriver.io is awesome"]")
2026-07-30T02:41:19.142Z INFO webdriver: [POST] http://127.0.0.1:4723/session/84d1eb51-3b80-4baf-a0ac-13a3512ad17e/element
2026-07-30T02:41:19.142Z INFO webdriver: DATA {"using":"xpath","value":"//android.widget.TextView[@text=\"webdriver.io is awesome\"]"}
2026-07-30T02:41:19.177Z INFO webdriver: RESULT {
  error: 'no such element',
  message: 'An element could not be located on the page using the given search parameters.',
  stacktrace: 'NoSuchElementError: An element could not be located on the page using the given search parameters.\n' +
    '    at AndroidUiautomator2Driver.findElOrEls (C:\\Repositorios\\webDriverIOMobile\\node_modules\\appium-uiautomator2-driver\\node_modules\\appium-android-driver\\lib\\commands\\find.ts:86:11)\n' +
    '    at processTicksAndRejections (node:internal/process/task_queues:95:5)\n' +
    '    at AndroidUiautomator2Driver.findElOrElsWithProcessing (C:\\Repositorios\\webDriverIOMobile\\node_modules\\appium-uiautomator2-driver\\node_modules\\@appium\\base-driver\\lib\\basedriver\\commands\\find.ts:60:12)\n' +
    '    at AndroidUiautomator2Driver.findElement (C:\\Repositorios\\webDriverIOMobile\\node_modules\\appium-uiautomator2-driver\\node_modules\\@appium\\base-driver\\lib\\basedriver\\commands\\find.ts:75:12)'
}
2026-07-30T02:41:19.251Z INFO webdriver: COMMAND findElement("xpath", "//android.widget.TextView[@text="webdriver.io is awesome"]")
2026-07-30T02:41:19.251Z INFO webdriver: [POST] http://127.0.0.1:4723/session/84d1eb51-3b80-4baf-a0ac-13a3512ad17e/element
2026-07-30T02:41:19.251Z INFO webdriver: DATA {"using":"xpath","value":"//android.widget.TextView[@text=\"webdriver.io is awesome\"]"}
2026-07-30T02:41:19.288Z INFO webdriver: RESULT {
  error: 'no such element',
  message: 'An element could not be located on the page using the given search parameters.',
  stacktrace: 'NoSuchElementError: An element could not be located on the page using the given search parameters.\n' +
    '    at AndroidUiautomator2Driver.findElOrEls (C:\\Repositorios\\webDriverIOMobile\\node_modules\\appium-uiautomator2-driver\\node_modules\\appium-android-driver\\lib\\commands\\find.ts:86:11)\n' +
    '    at processTicksAndRejections (node:internal/process/task_queues:95:5)\n' +
    '    at AndroidUiautomator2Driver.findElOrElsWithProcessing (C:\\Repositorios\\webDriverIOMobile\\node_modules\\appium-uiautomator2-driver\\node_modules\\@appium\\base-driver\\lib\\basedriver\\commands\\find.ts:60:12)\n' +
    '    at AndroidUiautomator2Driver.findElement (C:\\Repositorios\\webDriverIOMobile\\node_modules\\appium-uiautomator2-driver\\node_modules\\@appium\\base-driver\\lib\\basedriver\\commands\\find.ts:75:12)'
}
2026-07-30T02:41:19.345Z INFO webdriver: COMMAND findElement("xpath", "//android.widget.TextView[@text="webdriver.io is awesome"]")
2026-07-30T02:41:19.346Z INFO webdriver: [POST] http://127.0.0.1:4723/session/84d1eb51-3b80-4baf-a0ac-13a3512ad17e/element
2026-07-30T02:41:19.346Z INFO webdriver: DATA {"using":"xpath","value":"//android.widget.TextView[@text=\"webdriver.io is awesome\"]"}
2026-07-30T02:41:19.385Z INFO webdriver: RESULT {
  error: 'no such element',
  message: 'An element could not be located on the page using the given search parameters.',
  stacktrace: 'NoSuchElementError: An element could not be located on the page using the given search parameters.\n' +
    '    at AndroidUiautomator2Driver.findElOrEls (C:\\Repositorios\\webDriverIOMobile\\node_modules\\appium-uiautomator2-driver\\node_modules\\appium-android-driver\\lib\\commands\\find.ts:86:11)\n' +
    '    at processTicksAndRejections (node:internal/process/task_queues:95:5)\n' +
    '    at AndroidUiautomator2Driver.findElOrElsWithProcessing (C:\\Repositorios\\webDriverIOMobile\\node_modules\\appium-uiautomator2-driver\\node_modules\\@appium\\base-driver\\lib\\basedriver\\commands\\find.ts:60:12)\n' +
    '    at AndroidUiautomator2Driver.findElement (C:\\Repositorios\\webDriverIOMobile\\node_modules\\appium-uiautomator2-driver\\node_modules\\@appium\\base-driver\\lib\\basedriver\\commands\\find.ts:75:12)'
}
2026-07-30T02:41:19.454Z INFO webdriver: COMMAND findElement("xpath", "//android.widget.TextView[@text="webdriver.io is awesome"]")
2026-07-30T02:41:19.454Z INFO webdriver: [POST] http://127.0.0.1:4723/session/84d1eb51-3b80-4baf-a0ac-13a3512ad17e/element
2026-07-30T02:41:19.454Z INFO webdriver: DATA {"using":"xpath","value":"//android.widget.TextView[@text=\"webdriver.io is awesome\"]"}
2026-07-30T02:41:19.492Z INFO webdriver: RESULT {
  error: 'no such element',
  message: 'An element could not be located on the page using the given search parameters.',
  stacktrace: 'NoSuchElementError: An element could not be located on the page using the given search parameters.\n' +
    '    at AndroidUiautomator2Driver.findElOrEls (C:\\Repositorios\\webDriverIOMobile\\node_modules\\appium-uiautomator2-driver\\node_modules\\appium-android-driver\\lib\\commands\\find.ts:86:11)\n' +
    '    at processTicksAndRejections (node:internal/process/task_queues:95:5)\n' +
    '    at AndroidUiautomator2Driver.findElOrElsWithProcessing (C:\\Repositorios\\webDriverIOMobile\\node_modules\\appium-uiautomator2-driver\\node_modules\\@appium\\base-driver\\lib\\basedriver\\commands\\find.ts:60:12)\n' +
    '    at AndroidUiautomator2Driver.findElement (C:\\Repositorios\\webDriverIOMobile\\node_modules\\appium-uiautomator2-driver\\node_modules\\@appium\\base-driver\\lib\\basedriver\\commands\\find.ts:75:12)'
}
2026-07-30T02:41:19.547Z INFO webdriver: COMMAND findElement("xpath", "//android.widget.TextView[@text="webdriver.io is awesome"]")
2026-07-30T02:41:19.547Z INFO webdriver: [POST] http://127.0.0.1:4723/session/84d1eb51-3b80-4baf-a0ac-13a3512ad17e/element
2026-07-30T02:41:19.547Z INFO webdriver: DATA {"using":"xpath","value":"//android.widget.TextView[@text=\"webdriver.io is awesome\"]"}
2026-07-30T02:41:19.589Z INFO webdriver: RESULT {
  error: 'no such element',
  message: 'An element could not be located on the page using the given search parameters.',
  stacktrace: 'NoSuchElementError: An element could not be located on the page using the given search parameters.\n' +
    '    at AndroidUiautomator2Driver.findElOrEls (C:\\Repositorios\\webDriverIOMobile\\node_modules\\appium-uiautomator2-driver\\node_modules\\appium-android-driver\\lib\\commands\\find.ts:86:11)\n' +
    '    at processTicksAndRejections (node:internal/process/task_queues:95:5)\n' +
    '    at AndroidUiautomator2Driver.findElOrElsWithProcessing (C:\\Repositorios\\webDriverIOMobile\\node_modules\\appium-uiautomator2-driver\\node_modules\\@appium\\base-driver\\lib\\basedriver\\commands\\find.ts:60:12)\n' +
    '    at AndroidUiautomator2Driver.findElement (C:\\Repositorios\\webDriverIOMobile\\node_modules\\appium-uiautomator2-driver\\node_modules\\@appium\\base-driver\\lib\\basedriver\\commands\\find.ts:75:12)'
}
2026-07-30T02:41:19.673Z INFO webdriver: COMMAND terminateApp("com.wdiodemoapp")
2026-07-30T02:41:19.673Z INFO webdriver: [POST] http://127.0.0.1:4723/session/84d1eb51-3b80-4baf-a0ac-13a3512ad17e/appium/device/terminate_app
2026-07-30T02:41:19.673Z INFO webdriver: DATA {"appId":"com.wdiodemoapp"}
2026-07-30T02:41:20.042Z INFO webdriver: RESULT true
2026-07-30T02:41:20.042Z INFO webdriver: COMMAND activateApp("com.wdiodemoapp")
2026-07-30T02:41:20.042Z INFO webdriver: [POST] http://127.0.0.1:4723/session/84d1eb51-3b80-4baf-a0ac-13a3512ad17e/appium/device/activate_app
2026-07-30T02:41:20.042Z INFO webdriver: DATA {"appId":"com.wdiodemoapp"}
2026-07-30T02:41:20.208Z INFO webdriver: RESULT null
2026-07-30T02:41:20.209Z INFO webdriver: COMMAND findElement("accessibility id", "Forms")
2026-07-30T02:41:20.210Z INFO webdriver: [POST] http://127.0.0.1:4723/session/84d1eb51-3b80-4baf-a0ac-13a3512ad17e/element
2026-07-30T02:41:20.210Z INFO webdriver: DATA {"using":"accessibility id","value":"Forms"}
2026-07-30T02:41:22.106Z INFO webdriver: RESULT {
  'element-6066-11e4-a52e-4f735466cecf': '00000000-0000-00f2-ffff-ffff00000025',
  ELEMENT: '00000000-0000-00f2-ffff-ffff00000025'
}
2026-07-30T02:41:22.108Z INFO webdriver: COMMAND elementClick("00000000-0000-00f2-ffff-ffff00000025")
2026-07-30T02:41:22.108Z INFO webdriver: [POST] http://127.0.0.1:4723/session/84d1eb51-3b80-4baf-a0ac-13a3512ad17e/element/00000000-0000-00f2-ffff-ffff00000025/click
2026-07-30T02:41:22.108Z INFO webdriver: DATA {}
2026-07-30T02:41:22.202Z INFO webdriver: RESULT null
2026-07-30T02:41:22.202Z INFO webdriver: COMMAND findElement("accessibility id", "Dropdown")
2026-07-30T02:41:22.202Z INFO webdriver: [POST] http://127.0.0.1:4723/session/84d1eb51-3b80-4baf-a0ac-13a3512ad17e/element
2026-07-30T02:41:22.202Z INFO webdriver: DATA {"using":"accessibility id","value":"Dropdown"}
2026-07-30T02:41:22.324Z INFO webdriver: RESULT {
  'element-6066-11e4-a52e-4f735466cecf': '00000000-0000-00f2-ffff-ffff00000055',
  ELEMENT: '00000000-0000-00f2-ffff-ffff00000055'
}
2026-07-30T02:41:22.326Z INFO webdriver: COMMAND elementClick("00000000-0000-00f2-ffff-ffff00000055")
2026-07-30T02:41:22.326Z INFO webdriver: [POST] http://127.0.0.1:4723/session/84d1eb51-3b80-4baf-a0ac-13a3512ad17e/element/00000000-0000-00f2-ffff-ffff00000055/click
2026-07-30T02:41:22.326Z INFO webdriver: DATA {}
2026-07-30T02:41:22.852Z INFO webdriver: RESULT null
2026-07-30T02:41:22.853Z INFO webdriver: COMMAND findElement("xpath", "//android.widget.TextView[@text="Appium is awesome"]")
2026-07-30T02:41:22.853Z INFO webdriver: [POST] http://127.0.0.1:4723/session/84d1eb51-3b80-4baf-a0ac-13a3512ad17e/element
2026-07-30T02:41:22.853Z INFO webdriver: DATA {"using":"xpath","value":"//android.widget.TextView[@text=\"Appium is awesome\"]"}
2026-07-30T02:41:25.733Z INFO webdriver: RESULT {
  error: 'no such element',
  message: 'An element could not be located on the page using the given search parameters.',
  stacktrace: 'NoSuchElementError: An element could not be located on the page using the given search parameters.\n' +
    '    at AndroidUiautomator2Driver.findElOrEls (C:\\Repositorios\\webDriverIOMobile\\node_modules\\appium-uiautomator2-driver\\node_modules\\appium-android-driver\\lib\\commands\\find.ts:86:11)\n' +
    '    at processTicksAndRejections (node:internal/process/task_queues:95:5)\n' +
    '    at AndroidUiautomator2Driver.findElOrElsWithProcessing (C:\\Repositorios\\webDriverIOMobile\\node_modules\\appium-uiautomator2-driver\\node_modules\\@appium\\base-driver\\lib\\basedriver\\commands\\find.ts:60:12)\n' +
    '    at AndroidUiautomator2Driver.findElement (C:\\Repositorios\\webDriverIOMobile\\node_modules\\appium-uiautomator2-driver\\node_modules\\@appium\\base-driver\\lib\\basedriver\\commands\\find.ts:75:12)'
}
2026-07-30T02:41:25.735Z INFO webdriver: COMMAND findElement("xpath", "//android.widget.TextView[@text="Appium is awesome"]")
2026-07-30T02:41:25.735Z INFO webdriver: [POST] http://127.0.0.1:4723/session/84d1eb51-3b80-4baf-a0ac-13a3512ad17e/element
2026-07-30T02:41:25.735Z INFO webdriver: DATA {"using":"xpath","value":"//android.widget.TextView[@text=\"Appium is awesome\"]"}
2026-07-30T02:41:26.076Z INFO webdriver: RESULT {
  error: 'no such element',
  message: 'An element could not be located on the page using the given search parameters.',
  stacktrace: 'NoSuchElementError: An element could not be located on the page using the given search parameters.\n' +
    '    at AndroidUiautomator2Driver.findElOrEls (C:\\Repositorios\\webDriverIOMobile\\node_modules\\appium-uiautomator2-driver\\node_modules\\appium-android-driver\\lib\\commands\\find.ts:86:11)\n' +
    '    at processTicksAndRejections (node:internal/process/task_queues:95:5)\n' +
    '    at AndroidUiautomator2Driver.findElOrElsWithProcessing (C:\\Repositorios\\webDriverIOMobile\\node_modules\\appium-uiautomator2-driver\\node_modules\\@appium\\base-driver\\lib\\basedriver\\commands\\find.ts:60:12)\n' +
    '    at AndroidUiautomator2Driver.findElement (C:\\Repositorios\\webDriverIOMobile\\node_modules\\appium-uiautomator2-driver\\node_modules\\@appium\\base-driver\\lib\\basedriver\\commands\\find.ts:75:12)'
}
2026-07-30T02:41:26.085Z INFO webdriver: COMMAND findElement("xpath", "//android.widget.TextView[@text="Appium is awesome"]")
2026-07-30T02:41:26.085Z INFO webdriver: [POST] http://127.0.0.1:4723/session/84d1eb51-3b80-4baf-a0ac-13a3512ad17e/element
2026-07-30T02:41:26.085Z INFO webdriver: DATA {"using":"xpath","value":"//android.widget.TextView[@text=\"Appium is awesome\"]"}
2026-07-30T02:41:26.121Z INFO webdriver: RESULT {
  error: 'no such element',
  message: 'An element could not be located on the page using the given search parameters.',
  stacktrace: 'NoSuchElementError: An element could not be located on the page using the given search parameters.\n' +
    '    at AndroidUiautomator2Driver.findElOrEls (C:\\Repositorios\\webDriverIOMobile\\node_modules\\appium-uiautomator2-driver\\node_modules\\appium-android-driver\\lib\\commands\\find.ts:86:11)\n' +
    '    at processTicksAndRejections (node:internal/process/task_queues:95:5)\n' +
    '    at AndroidUiautomator2Driver.findElOrElsWithProcessing (C:\\Repositorios\\webDriverIOMobile\\node_modules\\appium-uiautomator2-driver\\node_modules\\@appium\\base-driver\\lib\\basedriver\\commands\\find.ts:60:12)\n' +
    '    at AndroidUiautomator2Driver.findElement (C:\\Repositorios\\webDriverIOMobile\\node_modules\\appium-uiautomator2-driver\\node_modules\\@appium\\base-driver\\lib\\basedriver\\commands\\find.ts:75:12)'
}
2026-07-30T02:41:26.131Z INFO webdriver: COMMAND findElement("xpath", "//android.widget.TextView[@text="Appium is awesome"]")
2026-07-30T02:41:26.131Z INFO webdriver: [POST] http://127.0.0.1:4723/session/84d1eb51-3b80-4baf-a0ac-13a3512ad17e/element
2026-07-30T02:41:26.131Z INFO webdriver: DATA {"using":"xpath","value":"//android.widget.TextView[@text=\"Appium is awesome\"]"}
2026-07-30T02:41:26.164Z INFO webdriver: RESULT {
  error: 'no such element',
  message: 'An element could not be located on the page using the given search parameters.',
  stacktrace: 'NoSuchElementError: An element could not be located on the page using the given search parameters.\n' +
    '    at AndroidUiautomator2Driver.findElOrEls (C:\\Repositorios\\webDriverIOMobile\\node_modules\\appium-uiautomator2-driver\\node_modules\\appium-android-driver\\lib\\commands\\find.ts:86:11)\n' +
    '    at processTicksAndRejections (node:internal/process/task_queues:95:5)\n' +
    '    at AndroidUiautomator2Driver.findElOrElsWithProcessing (C:\\Repositorios\\webDriverIOMobile\\node_modules\\appium-uiautomator2-driver\\node_modules\\@appium\\base-driver\\lib\\basedriver\\commands\\find.ts:60:12)\n' +
    '    at AndroidUiautomator2Driver.findElement (C:\\Repositorios\\webDriverIOMobile\\node_modules\\appium-uiautomator2-driver\\node_modules\\@appium\\base-driver\\lib\\basedriver\\commands\\find.ts:75:12)'
}
2026-07-30T02:41:26.176Z INFO webdriver: COMMAND findElement("xpath", "//android.widget.TextView[@text="Appium is awesome"]")
2026-07-30T02:41:26.176Z INFO webdriver: [POST] http://127.0.0.1:4723/session/84d1eb51-3b80-4baf-a0ac-13a3512ad17e/element
2026-07-30T02:41:26.176Z INFO webdriver: DATA {"using":"xpath","value":"//android.widget.TextView[@text=\"Appium is awesome\"]"}
2026-07-30T02:41:26.216Z INFO webdriver: RESULT {
  error: 'no such element',
  message: 'An element could not be located on the page using the given search parameters.',
  stacktrace: 'NoSuchElementError: An element could not be located on the page using the given search parameters.\n' +
    '    at AndroidUiautomator2Driver.findElOrEls (C:\\Repositorios\\webDriverIOMobile\\node_modules\\appium-uiautomator2-driver\\node_modules\\appium-android-driver\\lib\\commands\\find.ts:86:11)\n' +
    '    at processTicksAndRejections (node:internal/process/task_queues:95:5)\n' +
    '    at AndroidUiautomator2Driver.findElOrElsWithProcessing (C:\\Repositorios\\webDriverIOMobile\\node_modules\\appium-uiautomator2-driver\\node_modules\\@appium\\base-driver\\lib\\basedriver\\commands\\find.ts:60:12)\n' +
    '    at AndroidUiautomator2Driver.findElement (C:\\Repositorios\\webDriverIOMobile\\node_modules\\appium-uiautomator2-driver\\node_modules\\@appium\\base-driver\\lib\\basedriver\\commands\\find.ts:75:12)'
}
2026-07-30T02:41:26.223Z INFO webdriver: COMMAND findElement("xpath", "//android.widget.TextView[@text="Appium is awesome"]")
2026-07-30T02:41:26.223Z INFO webdriver: [POST] http://127.0.0.1:4723/session/84d1eb51-3b80-4baf-a0ac-13a3512ad17e/element
2026-07-30T02:41:26.223Z INFO webdriver: DATA {"using":"xpath","value":"//android.widget.TextView[@text=\"Appium is awesome\"]"}
2026-07-30T02:41:26.263Z INFO webdriver: RESULT {
  error: 'no such element',
  message: 'An element could not be located on the page using the given search parameters.',
  stacktrace: 'NoSuchElementError: An element could not be located on the page using the given search parameters.\n' +
    '    at AndroidUiautomator2Driver.findElOrEls (C:\\Repositorios\\webDriverIOMobile\\node_modules\\appium-uiautomator2-driver\\node_modules\\appium-android-driver\\lib\\commands\\find.ts:86:11)\n' +
    '    at processTicksAndRejections (node:internal/process/task_queues:95:5)\n' +
    '    at AndroidUiautomator2Driver.findElOrElsWithProcessing (C:\\Repositorios\\webDriverIOMobile\\node_modules\\appium-uiautomator2-driver\\node_modules\\@appium\\base-driver\\lib\\basedriver\\commands\\find.ts:60:12)\n' +
    '    at AndroidUiautomator2Driver.findElement (C:\\Repositorios\\webDriverIOMobile\\node_modules\\appium-uiautomator2-driver\\node_modules\\@appium\\base-driver\\lib\\basedriver\\commands\\find.ts:75:12)'
}
2026-07-30T02:41:26.270Z INFO webdriver: COMMAND findElement("xpath", "//android.widget.TextView[@text="Appium is awesome"]")
2026-07-30T02:41:26.270Z INFO webdriver: [POST] http://127.0.0.1:4723/session/84d1eb51-3b80-4baf-a0ac-13a3512ad17e/element
2026-07-30T02:41:26.270Z INFO webdriver: DATA {"using":"xpath","value":"//android.widget.TextView[@text=\"Appium is awesome\"]"}
2026-07-30T02:41:26.309Z INFO webdriver: RESULT {
  error: 'no such element',
  message: 'An element could not be located on the page using the given search parameters.',
  stacktrace: 'NoSuchElementError: An element could not be located on the page using the given search parameters.\n' +
    '    at AndroidUiautomator2Driver.findElOrEls (C:\\Repositorios\\webDriverIOMobile\\node_modules\\appium-uiautomator2-driver\\node_modules\\appium-android-driver\\lib\\commands\\find.ts:86:11)\n' +
    '    at processTicksAndRejections (node:internal/process/task_queues:95:5)\n' +
    '    at AndroidUiautomator2Driver.findElOrElsWithProcessing (C:\\Repositorios\\webDriverIOMobile\\node_modules\\appium-uiautomator2-driver\\node_modules\\@appium\\base-driver\\lib\\basedriver\\commands\\find.ts:60:12)\n' +
    '    at AndroidUiautomator2Driver.findElement (C:\\Repositorios\\webDriverIOMobile\\node_modules\\appium-uiautomator2-driver\\node_modules\\@appium\\base-driver\\lib\\basedriver\\commands\\find.ts:75:12)'
}
2026-07-30T02:41:26.347Z INFO webdriver: COMMAND findElement("xpath", "//android.widget.TextView[@text="Appium is awesome"]")
2026-07-30T02:41:26.348Z INFO webdriver: [POST] http://127.0.0.1:4723/session/84d1eb51-3b80-4baf-a0ac-13a3512ad17e/element
2026-07-30T02:41:26.348Z INFO webdriver: DATA {"using":"xpath","value":"//android.widget.TextView[@text=\"Appium is awesome\"]"}
2026-07-30T02:41:26.383Z INFO webdriver: RESULT {
  error: 'no such element',
  message: 'An element could not be located on the page using the given search parameters.',
  stacktrace: 'NoSuchElementError: An element could not be located on the page using the given search parameters.\n' +
    '    at AndroidUiautomator2Driver.findElOrEls (C:\\Repositorios\\webDriverIOMobile\\node_modules\\appium-uiautomator2-driver\\node_modules\\appium-android-driver\\lib\\commands\\find.ts:86:11)\n' +
    '    at processTicksAndRejections (node:internal/process/task_queues:95:5)\n' +
    '    at AndroidUiautomator2Driver.findElOrElsWithProcessing (C:\\Repositorios\\webDriverIOMobile\\node_modules\\appium-uiautomator2-driver\\node_modules\\@appium\\base-driver\\lib\\basedriver\\commands\\find.ts:60:12)\n' +
    '    at AndroidUiautomator2Driver.findElement (C:\\Repositorios\\webDriverIOMobile\\node_modules\\appium-uiautomator2-driver\\node_modules\\@appium\\base-driver\\lib\\basedriver\\commands\\find.ts:75:12)'
}
2026-07-30T02:41:26.440Z INFO webdriver: COMMAND findElement("xpath", "//android.widget.TextView[@text="Appium is awesome"]")
2026-07-30T02:41:26.441Z INFO webdriver: [POST] http://127.0.0.1:4723/session/84d1eb51-3b80-4baf-a0ac-13a3512ad17e/element
2026-07-30T02:41:26.441Z INFO webdriver: DATA {"using":"xpath","value":"//android.widget.TextView[@text=\"Appium is awesome\"]"}
2026-07-30T02:41:26.462Z INFO webdriver: RESULT {
  error: 'no such element',
  message: 'An element could not be located on the page using the given search parameters.',
  stacktrace: 'NoSuchElementError: An element could not be located on the page using the given search parameters.\n' +
    '    at AndroidUiautomator2Driver.findElOrEls (C:\\Repositorios\\webDriverIOMobile\\node_modules\\appium-uiautomator2-driver\\node_modules\\appium-android-driver\\lib\\commands\\find.ts:86:11)\n' +
    '    at processTicksAndRejections (node:internal/process/task_queues:95:5)\n' +
    '    at AndroidUiautomator2Driver.findElOrElsWithProcessing (C:\\Repositorios\\webDriverIOMobile\\node_modules\\appium-uiautomator2-driver\\node_modules\\@appium\\base-driver\\lib\\basedriver\\commands\\find.ts:60:12)\n' +
    '    at AndroidUiautomator2Driver.findElement (C:\\Repositorios\\webDriverIOMobile\\node_modules\\appium-uiautomator2-driver\\node_modules\\@appium\\base-driver\\lib\\basedriver\\commands\\find.ts:75:12)'
}
2026-07-30T02:41:26.549Z INFO webdriver: COMMAND findElement("xpath", "//android.widget.TextView[@text="Appium is awesome"]")
2026-07-30T02:41:26.549Z INFO webdriver: [POST] http://127.0.0.1:4723/session/84d1eb51-3b80-4baf-a0ac-13a3512ad17e/element
2026-07-30T02:41:26.549Z INFO webdriver: DATA {"using":"xpath","value":"//android.widget.TextView[@text=\"Appium is awesome\"]"}
2026-07-30T02:41:26.587Z INFO webdriver: RESULT {
  error: 'no such element',
  message: 'An element could not be located on the page using the given search parameters.',
  stacktrace: 'NoSuchElementError: An element could not be located on the page using the given search parameters.\n' +
    '    at AndroidUiautomator2Driver.findElOrEls (C:\\Repositorios\\webDriverIOMobile\\node_modules\\appium-uiautomator2-driver\\node_modules\\appium-android-driver\\lib\\commands\\find.ts:86:11)\n' +
    '    at processTicksAndRejections (node:internal/process/task_queues:95:5)\n' +
    '    at AndroidUiautomator2Driver.findElOrElsWithProcessing (C:\\Repositorios\\webDriverIOMobile\\node_modules\\appium-uiautomator2-driver\\node_modules\\@appium\\base-driver\\lib\\basedriver\\commands\\find.ts:60:12)\n' +
    '    at AndroidUiautomator2Driver.findElement (C:\\Repositorios\\webDriverIOMobile\\node_modules\\appium-uiautomator2-driver\\node_modules\\@appium\\base-driver\\lib\\basedriver\\commands\\find.ts:75:12)'
}
2026-07-30T02:41:26.642Z INFO webdriver: COMMAND findElement("xpath", "//android.widget.TextView[@text="Appium is awesome"]")
2026-07-30T02:41:26.642Z INFO webdriver: [POST] http://127.0.0.1:4723/session/84d1eb51-3b80-4baf-a0ac-13a3512ad17e/element
2026-07-30T02:41:26.642Z INFO webdriver: DATA {"using":"xpath","value":"//android.widget.TextView[@text=\"Appium is awesome\"]"}
2026-07-30T02:41:26.677Z INFO webdriver: RESULT {
  error: 'no such element',
  message: 'An element could not be located on the page using the given search parameters.',
  stacktrace: 'NoSuchElementError: An element could not be located on the page using the given search parameters.\n' +
    '    at AndroidUiautomator2Driver.findElOrEls (C:\\Repositorios\\webDriverIOMobile\\node_modules\\appium-uiautomator2-driver\\node_modules\\appium-android-driver\\lib\\commands\\find.ts:86:11)\n' +
    '    at processTicksAndRejections (node:internal/process/task_queues:95:5)\n' +
    '    at AndroidUiautomator2Driver.findElOrElsWithProcessing (C:\\Repositorios\\webDriverIOMobile\\node_modules\\appium-uiautomator2-driver\\node_modules\\@appium\\base-driver\\lib\\basedriver\\commands\\find.ts:60:12)\n' +
    '    at AndroidUiautomator2Driver.findElement (C:\\Repositorios\\webDriverIOMobile\\node_modules\\appium-uiautomator2-driver\\node_modules\\@appium\\base-driver\\lib\\basedriver\\commands\\find.ts:75:12)'
}
2026-07-30T02:41:26.736Z INFO webdriver: COMMAND findElement("xpath", "//android.widget.TextView[@text="Appium is awesome"]")
2026-07-30T02:41:26.736Z INFO webdriver: [POST] http://127.0.0.1:4723/session/84d1eb51-3b80-4baf-a0ac-13a3512ad17e/element
2026-07-30T02:41:26.736Z INFO webdriver: DATA {"using":"xpath","value":"//android.widget.TextView[@text=\"Appium is awesome\"]"}
2026-07-30T02:41:26.770Z INFO webdriver: RESULT {
  error: 'no such element',
  message: 'An element could not be located on the page using the given search parameters.',
  stacktrace: 'NoSuchElementError: An element could not be located on the page using the given search parameters.\n' +
    '    at AndroidUiautomator2Driver.findElOrEls (C:\\Repositorios\\webDriverIOMobile\\node_modules\\appium-uiautomator2-driver\\node_modules\\appium-android-driver\\lib\\commands\\find.ts:86:11)\n' +
    '    at processTicksAndRejections (node:internal/process/task_queues:95:5)\n' +
    '    at AndroidUiautomator2Driver.findElOrElsWithProcessing (C:\\Repositorios\\webDriverIOMobile\\node_modules\\appium-uiautomator2-driver\\node_modules\\@appium\\base-driver\\lib\\basedriver\\commands\\find.ts:60:12)\n' +
    '    at AndroidUiautomator2Driver.findElement (C:\\Repositorios\\webDriverIOMobile\\node_modules\\appium-uiautomator2-driver\\node_modules\\@appium\\base-driver\\lib\\basedriver\\commands\\find.ts:75:12)'
}
2026-07-30T02:41:26.845Z INFO webdriver: COMMAND findElement("xpath", "//android.widget.TextView[@text="Appium is awesome"]")
2026-07-30T02:41:26.845Z INFO webdriver: [POST] http://127.0.0.1:4723/session/84d1eb51-3b80-4baf-a0ac-13a3512ad17e/element
2026-07-30T02:41:26.845Z INFO webdriver: DATA {"using":"xpath","value":"//android.widget.TextView[@text=\"Appium is awesome\"]"}
2026-07-30T02:41:26.883Z INFO webdriver: RESULT {
  error: 'no such element',
  message: 'An element could not be located on the page using the given search parameters.',
  stacktrace: 'NoSuchElementError: An element could not be located on the page using the given search parameters.\n' +
    '    at AndroidUiautomator2Driver.findElOrEls (C:\\Repositorios\\webDriverIOMobile\\node_modules\\appium-uiautomator2-driver\\node_modules\\appium-android-driver\\lib\\commands\\find.ts:86:11)\n' +
    '    at processTicksAndRejections (node:internal/process/task_queues:95:5)\n' +
    '    at AndroidUiautomator2Driver.findElOrElsWithProcessing (C:\\Repositorios\\webDriverIOMobile\\node_modules\\appium-uiautomator2-driver\\node_modules\\@appium\\base-driver\\lib\\basedriver\\commands\\find.ts:60:12)\n' +
    '    at AndroidUiautomator2Driver.findElement (C:\\Repositorios\\webDriverIOMobile\\node_modules\\appium-uiautomator2-driver\\node_modules\\@appium\\base-driver\\lib\\basedriver\\commands\\find.ts:75:12)'
}
2026-07-30T02:41:26.938Z INFO webdriver: COMMAND findElement("xpath", "//android.widget.TextView[@text="Appium is awesome"]")
2026-07-30T02:41:26.938Z INFO webdriver: [POST] http://127.0.0.1:4723/session/84d1eb51-3b80-4baf-a0ac-13a3512ad17e/element
2026-07-30T02:41:26.938Z INFO webdriver: DATA {"using":"xpath","value":"//android.widget.TextView[@text=\"Appium is awesome\"]"}
2026-07-30T02:41:26.974Z INFO webdriver: RESULT {
  error: 'no such element',
  message: 'An element could not be located on the page using the given search parameters.',
  stacktrace: 'NoSuchElementError: An element could not be located on the page using the given search parameters.\n' +
    '    at AndroidUiautomator2Driver.findElOrEls (C:\\Repositorios\\webDriverIOMobile\\node_modules\\appium-uiautomator2-driver\\node_modules\\appium-android-driver\\lib\\commands\\find.ts:86:11)\n' +
    '    at processTicksAndRejections (node:internal/process/task_queues:95:5)\n' +
    '    at AndroidUiautomator2Driver.findElOrElsWithProcessing (C:\\Repositorios\\webDriverIOMobile\\node_modules\\appium-uiautomator2-driver\\node_modules\\@appium\\base-driver\\lib\\basedriver\\commands\\find.ts:60:12)\n' +
    '    at AndroidUiautomator2Driver.findElement (C:\\Repositorios\\webDriverIOMobile\\node_modules\\appium-uiautomator2-driver\\node_modules\\@appium\\base-driver\\lib\\basedriver\\commands\\find.ts:75:12)'
}
2026-07-30T02:41:27.046Z INFO webdriver: COMMAND findElement("xpath", "//android.widget.TextView[@text="Appium is awesome"]")
2026-07-30T02:41:27.046Z INFO webdriver: [POST] http://127.0.0.1:4723/session/84d1eb51-3b80-4baf-a0ac-13a3512ad17e/element
2026-07-30T02:41:27.046Z INFO webdriver: DATA {"using":"xpath","value":"//android.widget.TextView[@text=\"Appium is awesome\"]"}
2026-07-30T02:41:27.095Z INFO webdriver: RESULT {
  error: 'no such element',
  message: 'An element could not be located on the page using the given search parameters.',
  stacktrace: 'NoSuchElementError: An element could not be located on the page using the given search parameters.\n' +
    '    at AndroidUiautomator2Driver.findElOrEls (C:\\Repositorios\\webDriverIOMobile\\node_modules\\appium-uiautomator2-driver\\node_modules\\appium-android-driver\\lib\\commands\\find.ts:86:11)\n' +
    '    at processTicksAndRejections (node:internal/process/task_queues:95:5)\n' +
    '    at AndroidUiautomator2Driver.findElOrElsWithProcessing (C:\\Repositorios\\webDriverIOMobile\\node_modules\\appium-uiautomator2-driver\\node_modules\\@appium\\base-driver\\lib\\basedriver\\commands\\find.ts:60:12)\n' +
    '    at AndroidUiautomator2Driver.findElement (C:\\Repositorios\\webDriverIOMobile\\node_modules\\appium-uiautomator2-driver\\node_modules\\@appium\\base-driver\\lib\\basedriver\\commands\\find.ts:75:12)'
}
2026-07-30T02:41:27.140Z INFO webdriver: COMMAND findElement("xpath", "//android.widget.TextView[@text="Appium is awesome"]")
2026-07-30T02:41:27.140Z INFO webdriver: [POST] http://127.0.0.1:4723/session/84d1eb51-3b80-4baf-a0ac-13a3512ad17e/element
2026-07-30T02:41:27.140Z INFO webdriver: DATA {"using":"xpath","value":"//android.widget.TextView[@text=\"Appium is awesome\"]"}
2026-07-30T02:41:27.231Z INFO webdriver: RESULT {
  error: 'no such element',
  message: 'An element could not be located on the page using the given search parameters.',
  stacktrace: 'NoSuchElementError: An element could not be located on the page using the given search parameters.\n' +
    '    at AndroidUiautomator2Driver.findElOrEls (C:\\Repositorios\\webDriverIOMobile\\node_modules\\appium-uiautomator2-driver\\node_modules\\appium-android-driver\\lib\\commands\\find.ts:86:11)\n' +
    '    at processTicksAndRejections (node:internal/process/task_queues:95:5)\n' +
    '    at AndroidUiautomator2Driver.findElOrElsWithProcessing (C:\\Repositorios\\webDriverIOMobile\\node_modules\\appium-uiautomator2-driver\\node_modules\\@appium\\base-driver\\lib\\basedriver\\commands\\find.ts:60:12)\n' +
    '    at AndroidUiautomator2Driver.findElement (C:\\Repositorios\\webDriverIOMobile\\node_modules\\appium-uiautomator2-driver\\node_modules\\@appium\\base-driver\\lib\\basedriver\\commands\\find.ts:75:12)'
}
2026-07-30T02:41:27.249Z INFO webdriver: COMMAND findElement("xpath", "//android.widget.TextView[@text="Appium is awesome"]")
2026-07-30T02:41:27.249Z INFO webdriver: [POST] http://127.0.0.1:4723/session/84d1eb51-3b80-4baf-a0ac-13a3512ad17e/element
2026-07-30T02:41:27.249Z INFO webdriver: DATA {"using":"xpath","value":"//android.widget.TextView[@text=\"Appium is awesome\"]"}
2026-07-30T02:41:27.392Z INFO webdriver: RESULT {
  error: 'no such element',
  message: 'An element could not be located on the page using the given search parameters.',
  stacktrace: 'NoSuchElementError: An element could not be located on the page using the given search parameters.\n' +
    '    at AndroidUiautomator2Driver.findElOrEls (C:\\Repositorios\\webDriverIOMobile\\node_modules\\appium-uiautomator2-driver\\node_modules\\appium-android-driver\\lib\\commands\\find.ts:86:11)\n' +
    '    at processTicksAndRejections (node:internal/process/task_queues:95:5)\n' +
    '    at AndroidUiautomator2Driver.findElOrElsWithProcessing (C:\\Repositorios\\webDriverIOMobile\\node_modules\\appium-uiautomator2-driver\\node_modules\\@appium\\base-driver\\lib\\basedriver\\commands\\find.ts:60:12)\n' +
    '    at AndroidUiautomator2Driver.findElement (C:\\Repositorios\\webDriverIOMobile\\node_modules\\appium-uiautomator2-driver\\node_modules\\@appium\\base-driver\\lib\\basedriver\\commands\\find.ts:75:12)'
}
2026-07-30T02:41:27.405Z INFO webdriver: COMMAND findElement("xpath", "//android.widget.TextView[@text="Appium is awesome"]")
2026-07-30T02:41:27.405Z INFO webdriver: [POST] http://127.0.0.1:4723/session/84d1eb51-3b80-4baf-a0ac-13a3512ad17e/element
2026-07-30T02:41:27.405Z INFO webdriver: DATA {"using":"xpath","value":"//android.widget.TextView[@text=\"Appium is awesome\"]"}
2026-07-30T02:41:27.456Z INFO webdriver: RESULT {
  error: 'no such element',
  message: 'An element could not be located on the page using the given search parameters.',
  stacktrace: 'NoSuchElementError: An element could not be located on the page using the given search parameters.\n' +
    '    at AndroidUiautomator2Driver.findElOrEls (C:\\Repositorios\\webDriverIOMobile\\node_modules\\appium-uiautomator2-driver\\node_modules\\appium-android-driver\\lib\\commands\\find.ts:86:11)\n' +
    '    at processTicksAndRejections (node:internal/process/task_queues:95:5)\n' +
    '    at AndroidUiautomator2Driver.findElOrElsWithProcessing (C:\\Repositorios\\webDriverIOMobile\\node_modules\\appium-uiautomator2-driver\\node_modules\\@appium\\base-driver\\lib\\basedriver\\commands\\find.ts:60:12)\n' +
    '    at AndroidUiautomator2Driver.findElement (C:\\Repositorios\\webDriverIOMobile\\node_modules\\appium-uiautomator2-driver\\node_modules\\@appium\\base-driver\\lib\\basedriver\\commands\\find.ts:75:12)'
}
2026-07-30T02:41:27.466Z INFO webdriver: COMMAND findElement("xpath", "//android.widget.TextView[@text="Appium is awesome"]")
2026-07-30T02:41:27.466Z INFO webdriver: [POST] http://127.0.0.1:4723/session/84d1eb51-3b80-4baf-a0ac-13a3512ad17e/element
2026-07-30T02:41:27.466Z INFO webdriver: DATA {"using":"xpath","value":"//android.widget.TextView[@text=\"Appium is awesome\"]"}
2026-07-30T02:41:27.524Z INFO webdriver: RESULT {
  error: 'no such element',
  message: 'An element could not be located on the page using the given search parameters.',
  stacktrace: 'NoSuchElementError: An element could not be located on the page using the given search parameters.\n' +
    '    at AndroidUiautomator2Driver.findElOrEls (C:\\Repositorios\\webDriverIOMobile\\node_modules\\appium-uiautomator2-driver\\node_modules\\appium-android-driver\\lib\\commands\\find.ts:86:11)\n' +
    '    at processTicksAndRejections (node:internal/process/task_queues:95:5)\n' +
    '    at AndroidUiautomator2Driver.findElOrElsWithProcessing (C:\\Repositorios\\webDriverIOMobile\\node_modules\\appium-uiautomator2-driver\\node_modules\\@appium\\base-driver\\lib\\basedriver\\commands\\find.ts:60:12)\n' +
    '    at AndroidUiautomator2Driver.findElement (C:\\Repositorios\\webDriverIOMobile\\node_modules\\appium-uiautomator2-driver\\node_modules\\@appium\\base-driver\\lib\\basedriver\\commands\\find.ts:75:12)'
}
2026-07-30T02:41:27.543Z INFO webdriver: COMMAND findElement("xpath", "//android.widget.TextView[@text="Appium is awesome"]")
2026-07-30T02:41:27.543Z INFO webdriver: [POST] http://127.0.0.1:4723/session/84d1eb51-3b80-4baf-a0ac-13a3512ad17e/element
2026-07-30T02:41:27.543Z INFO webdriver: DATA {"using":"xpath","value":"//android.widget.TextView[@text=\"Appium is awesome\"]"}
2026-07-30T02:41:27.584Z INFO webdriver: RESULT {
  error: 'no such element',
  message: 'An element could not be located on the page using the given search parameters.',
  stacktrace: 'NoSuchElementError: An element could not be located on the page using the given search parameters.\n' +
    '    at AndroidUiautomator2Driver.findElOrEls (C:\\Repositorios\\webDriverIOMobile\\node_modules\\appium-uiautomator2-driver\\node_modules\\appium-android-driver\\lib\\commands\\find.ts:86:11)\n' +
    '    at processTicksAndRejections (node:internal/process/task_queues:95:5)\n' +
    '    at AndroidUiautomator2Driver.findElOrElsWithProcessing (C:\\Repositorios\\webDriverIOMobile\\node_modules\\appium-uiautomator2-driver\\node_modules\\@appium\\base-driver\\lib\\basedriver\\commands\\find.ts:60:12)\n' +
    '    at AndroidUiautomator2Driver.findElement (C:\\Repositorios\\webDriverIOMobile\\node_modules\\appium-uiautomator2-driver\\node_modules\\@appium\\base-driver\\lib\\basedriver\\commands\\find.ts:75:12)'
}
2026-07-30T02:41:27.637Z INFO webdriver: COMMAND findElement("xpath", "//android.widget.TextView[@text="Appium is awesome"]")
2026-07-30T02:41:27.637Z INFO webdriver: [POST] http://127.0.0.1:4723/session/84d1eb51-3b80-4baf-a0ac-13a3512ad17e/element
2026-07-30T02:41:27.637Z INFO webdriver: DATA {"using":"xpath","value":"//android.widget.TextView[@text=\"Appium is awesome\"]"}
2026-07-30T02:41:27.679Z INFO webdriver: RESULT {
  error: 'no such element',
  message: 'An element could not be located on the page using the given search parameters.',
  stacktrace: 'NoSuchElementError: An element could not be located on the page using the given search parameters.\n' +
    '    at AndroidUiautomator2Driver.findElOrEls (C:\\Repositorios\\webDriverIOMobile\\node_modules\\appium-uiautomator2-driver\\node_modules\\appium-android-driver\\lib\\commands\\find.ts:86:11)\n' +
    '    at processTicksAndRejections (node:internal/process/task_queues:95:5)\n' +
    '    at AndroidUiautomator2Driver.findElOrElsWithProcessing (C:\\Repositorios\\webDriverIOMobile\\node_modules\\appium-uiautomator2-driver\\node_modules\\@appium\\base-driver\\lib\\basedriver\\commands\\find.ts:60:12)\n' +
    '    at AndroidUiautomator2Driver.findElement (C:\\Repositorios\\webDriverIOMobile\\node_modules\\appium-uiautomator2-driver\\node_modules\\@appium\\base-driver\\lib\\basedriver\\commands\\find.ts:75:12)'
}
2026-07-30T02:41:27.746Z INFO webdriver: COMMAND findElement("xpath", "//android.widget.TextView[@text="Appium is awesome"]")
2026-07-30T02:41:27.746Z INFO webdriver: [POST] http://127.0.0.1:4723/session/84d1eb51-3b80-4baf-a0ac-13a3512ad17e/element
2026-07-30T02:41:27.746Z INFO webdriver: DATA {"using":"xpath","value":"//android.widget.TextView[@text=\"Appium is awesome\"]"}
2026-07-30T02:41:27.783Z INFO webdriver: RESULT {
  error: 'no such element',
  message: 'An element could not be located on the page using the given search parameters.',
  stacktrace: 'NoSuchElementError: An element could not be located on the page using the given search parameters.\n' +
    '    at AndroidUiautomator2Driver.findElOrEls (C:\\Repositorios\\webDriverIOMobile\\node_modules\\appium-uiautomator2-driver\\node_modules\\appium-android-driver\\lib\\commands\\find.ts:86:11)\n' +
    '    at processTicksAndRejections (node:internal/process/task_queues:95:5)\n' +
    '    at AndroidUiautomator2Driver.findElOrElsWithProcessing (C:\\Repositorios\\webDriverIOMobile\\node_modules\\appium-uiautomator2-driver\\node_modules\\@appium\\base-driver\\lib\\basedriver\\commands\\find.ts:60:12)\n' +
    '    at AndroidUiautomator2Driver.findElement (C:\\Repositorios\\webDriverIOMobile\\node_modules\\appium-uiautomator2-driver\\node_modules\\@appium\\base-driver\\lib\\basedriver\\commands\\find.ts:75:12)'
}
2026-07-30T02:41:27.840Z INFO webdriver: COMMAND findElement("xpath", "//android.widget.TextView[@text="Appium is awesome"]")
2026-07-30T02:41:27.840Z INFO webdriver: [POST] http://127.0.0.1:4723/session/84d1eb51-3b80-4baf-a0ac-13a3512ad17e/element
2026-07-30T02:41:27.840Z INFO webdriver: DATA {"using":"xpath","value":"//android.widget.TextView[@text=\"Appium is awesome\"]"}
2026-07-30T02:41:27.879Z INFO webdriver: RESULT {
  error: 'no such element',
  message: 'An element could not be located on the page using the given search parameters.',
  stacktrace: 'NoSuchElementError: An element could not be located on the page using the given search parameters.\n' +
    '    at AndroidUiautomator2Driver.findElOrEls (C:\\Repositorios\\webDriverIOMobile\\node_modules\\appium-uiautomator2-driver\\node_modules\\appium-android-driver\\lib\\commands\\find.ts:86:11)\n' +
    '    at processTicksAndRejections (node:internal/process/task_queues:95:5)\n' +
    '    at AndroidUiautomator2Driver.findElOrElsWithProcessing (C:\\Repositorios\\webDriverIOMobile\\node_modules\\appium-uiautomator2-driver\\node_modules\\@appium\\base-driver\\lib\\basedriver\\commands\\find.ts:60:12)\n' +
    '    at AndroidUiautomator2Driver.findElement (C:\\Repositorios\\webDriverIOMobile\\node_modules\\appium-uiautomator2-driver\\node_modules\\@appium\\base-driver\\lib\\basedriver\\commands\\find.ts:75:12)'
}
2026-07-30T02:41:27.949Z INFO webdriver: COMMAND findElement("xpath", "//android.widget.TextView[@text="Appium is awesome"]")
2026-07-30T02:41:27.949Z INFO webdriver: [POST] http://127.0.0.1:4723/session/84d1eb51-3b80-4baf-a0ac-13a3512ad17e/element
2026-07-30T02:41:27.949Z INFO webdriver: DATA {"using":"xpath","value":"//android.widget.TextView[@text=\"Appium is awesome\"]"}
2026-07-30T02:41:27.991Z INFO webdriver: RESULT {
  error: 'no such element',
  message: 'An element could not be located on the page using the given search parameters.',
  stacktrace: 'NoSuchElementError: An element could not be located on the page using the given search parameters.\n' +
    '    at AndroidUiautomator2Driver.findElOrEls (C:\\Repositorios\\webDriverIOMobile\\node_modules\\appium-uiautomator2-driver\\node_modules\\appium-android-driver\\lib\\commands\\find.ts:86:11)\n' +
    '    at processTicksAndRejections (node:internal/process/task_queues:95:5)\n' +
    '    at AndroidUiautomator2Driver.findElOrElsWithProcessing (C:\\Repositorios\\webDriverIOMobile\\node_modules\\appium-uiautomator2-driver\\node_modules\\@appium\\base-driver\\lib\\basedriver\\commands\\find.ts:60:12)\n' +
    '    at AndroidUiautomator2Driver.findElement (C:\\Repositorios\\webDriverIOMobile\\node_modules\\appium-uiautomator2-driver\\node_modules\\@appium\\base-driver\\lib\\basedriver\\commands\\find.ts:75:12)'
}
2026-07-30T02:41:28.042Z INFO webdriver: COMMAND findElement("xpath", "//android.widget.TextView[@text="Appium is awesome"]")
2026-07-30T02:41:28.042Z INFO webdriver: [POST] http://127.0.0.1:4723/session/84d1eb51-3b80-4baf-a0ac-13a3512ad17e/element
2026-07-30T02:41:28.042Z INFO webdriver: DATA {"using":"xpath","value":"//android.widget.TextView[@text=\"Appium is awesome\"]"}
2026-07-30T02:41:28.078Z INFO webdriver: RESULT {
  error: 'no such element',
  message: 'An element could not be located on the page using the given search parameters.',
  stacktrace: 'NoSuchElementError: An element could not be located on the page using the given search parameters.\n' +
    '    at AndroidUiautomator2Driver.findElOrEls (C:\\Repositorios\\webDriverIOMobile\\node_modules\\appium-uiautomator2-driver\\node_modules\\appium-android-driver\\lib\\commands\\find.ts:86:11)\n' +
    '    at processTicksAndRejections (node:internal/process/task_queues:95:5)\n' +
    '    at AndroidUiautomator2Driver.findElOrElsWithProcessing (C:\\Repositorios\\webDriverIOMobile\\node_modules\\appium-uiautomator2-driver\\node_modules\\@appium\\base-driver\\lib\\basedriver\\commands\\find.ts:60:12)\n' +
    '    at AndroidUiautomator2Driver.findElement (C:\\Repositorios\\webDriverIOMobile\\node_modules\\appium-uiautomator2-driver\\node_modules\\@appium\\base-driver\\lib\\basedriver\\commands\\find.ts:75:12)'
}
2026-07-30T02:41:28.136Z INFO webdriver: COMMAND findElement("xpath", "//android.widget.TextView[@text="Appium is awesome"]")
2026-07-30T02:41:28.137Z INFO webdriver: [POST] http://127.0.0.1:4723/session/84d1eb51-3b80-4baf-a0ac-13a3512ad17e/element
2026-07-30T02:41:28.137Z INFO webdriver: DATA {"using":"xpath","value":"//android.widget.TextView[@text=\"Appium is awesome\"]"}
2026-07-30T02:41:28.165Z INFO webdriver: RESULT {
  error: 'no such element',
  message: 'An element could not be located on the page using the given search parameters.',
  stacktrace: 'NoSuchElementError: An element could not be located on the page using the given search parameters.\n' +
    '    at AndroidUiautomator2Driver.findElOrEls (C:\\Repositorios\\webDriverIOMobile\\node_modules\\appium-uiautomator2-driver\\node_modules\\appium-android-driver\\lib\\commands\\find.ts:86:11)\n' +
    '    at processTicksAndRejections (node:internal/process/task_queues:95:5)\n' +
    '    at AndroidUiautomator2Driver.findElOrElsWithProcessing (C:\\Repositorios\\webDriverIOMobile\\node_modules\\appium-uiautomator2-driver\\node_modules\\@appium\\base-driver\\lib\\basedriver\\commands\\find.ts:60:12)\n' +
    '    at AndroidUiautomator2Driver.findElement (C:\\Repositorios\\webDriverIOMobile\\node_modules\\appium-uiautomator2-driver\\node_modules\\@appium\\base-driver\\lib\\basedriver\\commands\\find.ts:75:12)'
}
2026-07-30T02:41:28.245Z INFO webdriver: COMMAND findElement("xpath", "//android.widget.TextView[@text="Appium is awesome"]")
2026-07-30T02:41:28.246Z INFO webdriver: [POST] http://127.0.0.1:4723/session/84d1eb51-3b80-4baf-a0ac-13a3512ad17e/element
2026-07-30T02:41:28.246Z INFO webdriver: DATA {"using":"xpath","value":"//android.widget.TextView[@text=\"Appium is awesome\"]"}
2026-07-30T02:41:28.282Z INFO webdriver: RESULT {
  error: 'no such element',
  message: 'An element could not be located on the page using the given search parameters.',
  stacktrace: 'NoSuchElementError: An element could not be located on the page using the given search parameters.\n' +
    '    at AndroidUiautomator2Driver.findElOrEls (C:\\Repositorios\\webDriverIOMobile\\node_modules\\appium-uiautomator2-driver\\node_modules\\appium-android-driver\\lib\\commands\\find.ts:86:11)\n' +
    '    at processTicksAndRejections (node:internal/process/task_queues:95:5)\n' +
    '    at AndroidUiautomator2Driver.findElOrElsWithProcessing (C:\\Repositorios\\webDriverIOMobile\\node_modules\\appium-uiautomator2-driver\\node_modules\\@appium\\base-driver\\lib\\basedriver\\commands\\find.ts:60:12)\n' +
    '    at AndroidUiautomator2Driver.findElement (C:\\Repositorios\\webDriverIOMobile\\node_modules\\appium-uiautomator2-driver\\node_modules\\@appium\\base-driver\\lib\\basedriver\\commands\\find.ts:75:12)'
}
2026-07-30T02:41:28.339Z INFO webdriver: COMMAND findElement("xpath", "//android.widget.TextView[@text="Appium is awesome"]")
2026-07-30T02:41:28.339Z INFO webdriver: [POST] http://127.0.0.1:4723/session/84d1eb51-3b80-4baf-a0ac-13a3512ad17e/element
2026-07-30T02:41:28.339Z INFO webdriver: DATA {"using":"xpath","value":"//android.widget.TextView[@text=\"Appium is awesome\"]"}
2026-07-30T02:41:28.376Z INFO webdriver: RESULT {
  error: 'no such element',
  message: 'An element could not be located on the page using the given search parameters.',
  stacktrace: 'NoSuchElementError: An element could not be located on the page using the given search parameters.\n' +
    '    at AndroidUiautomator2Driver.findElOrEls (C:\\Repositorios\\webDriverIOMobile\\node_modules\\appium-uiautomator2-driver\\node_modules\\appium-android-driver\\lib\\commands\\find.ts:86:11)\n' +
    '    at processTicksAndRejections (node:internal/process/task_queues:95:5)\n' +
    '    at AndroidUiautomator2Driver.findElOrElsWithProcessing (C:\\Repositorios\\webDriverIOMobile\\node_modules\\appium-uiautomator2-driver\\node_modules\\@appium\\base-driver\\lib\\basedriver\\commands\\find.ts:60:12)\n' +
    '    at AndroidUiautomator2Driver.findElement (C:\\Repositorios\\webDriverIOMobile\\node_modules\\appium-uiautomator2-driver\\node_modules\\@appium\\base-driver\\lib\\basedriver\\commands\\find.ts:75:12)'
}
2026-07-30T02:41:28.446Z INFO webdriver: COMMAND findElement("xpath", "//android.widget.TextView[@text="Appium is awesome"]")
2026-07-30T02:41:28.447Z INFO webdriver: [POST] http://127.0.0.1:4723/session/84d1eb51-3b80-4baf-a0ac-13a3512ad17e/element
2026-07-30T02:41:28.447Z INFO webdriver: DATA {"using":"xpath","value":"//android.widget.TextView[@text=\"Appium is awesome\"]"}
2026-07-30T02:41:28.484Z INFO webdriver: RESULT {
  error: 'no such element',
  message: 'An element could not be located on the page using the given search parameters.',
  stacktrace: 'NoSuchElementError: An element could not be located on the page using the given search parameters.\n' +
    '    at AndroidUiautomator2Driver.findElOrEls (C:\\Repositorios\\webDriverIOMobile\\node_modules\\appium-uiautomator2-driver\\node_modules\\appium-android-driver\\lib\\commands\\find.ts:86:11)\n' +
    '    at processTicksAndRejections (node:internal/process/task_queues:95:5)\n' +
    '    at AndroidUiautomator2Driver.findElOrElsWithProcessing (C:\\Repositorios\\webDriverIOMobile\\node_modules\\appium-uiautomator2-driver\\node_modules\\@appium\\base-driver\\lib\\basedriver\\commands\\find.ts:60:12)\n' +
    '    at AndroidUiautomator2Driver.findElement (C:\\Repositorios\\webDriverIOMobile\\node_modules\\appium-uiautomator2-driver\\node_modules\\@appium\\base-driver\\lib\\basedriver\\commands\\find.ts:75:12)'
}
2026-07-30T02:41:28.540Z INFO webdriver: COMMAND findElement("xpath", "//android.widget.TextView[@text="Appium is awesome"]")
2026-07-30T02:41:28.540Z INFO webdriver: [POST] http://127.0.0.1:4723/session/84d1eb51-3b80-4baf-a0ac-13a3512ad17e/element
2026-07-30T02:41:28.540Z INFO webdriver: DATA {"using":"xpath","value":"//android.widget.TextView[@text=\"Appium is awesome\"]"}
2026-07-30T02:41:28.577Z INFO webdriver: RESULT {
  error: 'no such element',
  message: 'An element could not be located on the page using the given search parameters.',
  stacktrace: 'NoSuchElementError: An element could not be located on the page using the given search parameters.\n' +
    '    at AndroidUiautomator2Driver.findElOrEls (C:\\Repositorios\\webDriverIOMobile\\node_modules\\appium-uiautomator2-driver\\node_modules\\appium-android-driver\\lib\\commands\\find.ts:86:11)\n' +
    '    at processTicksAndRejections (node:internal/process/task_queues:95:5)\n' +
    '    at AndroidUiautomator2Driver.findElOrElsWithProcessing (C:\\Repositorios\\webDriverIOMobile\\node_modules\\appium-uiautomator2-driver\\node_modules\\@appium\\base-driver\\lib\\basedriver\\commands\\find.ts:60:12)\n' +
    '    at AndroidUiautomator2Driver.findElement (C:\\Repositorios\\webDriverIOMobile\\node_modules\\appium-uiautomator2-driver\\node_modules\\@appium\\base-driver\\lib\\basedriver\\commands\\find.ts:75:12)'
}
2026-07-30T02:41:28.650Z INFO webdriver: COMMAND findElement("xpath", "//android.widget.TextView[@text="Appium is awesome"]")
2026-07-30T02:41:28.650Z INFO webdriver: [POST] http://127.0.0.1:4723/session/84d1eb51-3b80-4baf-a0ac-13a3512ad17e/element
2026-07-30T02:41:28.651Z INFO webdriver: DATA {"using":"xpath","value":"//android.widget.TextView[@text=\"Appium is awesome\"]"}
2026-07-30T02:41:28.691Z INFO webdriver: RESULT {
  error: 'no such element',
  message: 'An element could not be located on the page using the given search parameters.',
  stacktrace: 'NoSuchElementError: An element could not be located on the page using the given search parameters.\n' +
    '    at AndroidUiautomator2Driver.findElOrEls (C:\\Repositorios\\webDriverIOMobile\\node_modules\\appium-uiautomator2-driver\\node_modules\\appium-android-driver\\lib\\commands\\find.ts:86:11)\n' +
    '    at processTicksAndRejections (node:internal/process/task_queues:95:5)\n' +
    '    at AndroidUiautomator2Driver.findElOrElsWithProcessing (C:\\Repositorios\\webDriverIOMobile\\node_modules\\appium-uiautomator2-driver\\node_modules\\@appium\\base-driver\\lib\\basedriver\\commands\\find.ts:60:12)\n' +
    '    at AndroidUiautomator2Driver.findElement (C:\\Repositorios\\webDriverIOMobile\\node_modules\\appium-uiautomator2-driver\\node_modules\\@appium\\base-driver\\lib\\basedriver\\commands\\find.ts:75:12)'
}
2026-07-30T02:41:28.743Z INFO webdriver: COMMAND findElement("xpath", "//android.widget.TextView[@text="Appium is awesome"]")
2026-07-30T02:41:28.743Z INFO webdriver: [POST] http://127.0.0.1:4723/session/84d1eb51-3b80-4baf-a0ac-13a3512ad17e/element
2026-07-30T02:41:28.744Z INFO webdriver: DATA {"using":"xpath","value":"//android.widget.TextView[@text=\"Appium is awesome\"]"}
2026-07-30T02:41:28.767Z INFO webdriver: RESULT {
  error: 'no such element',
  message: 'An element could not be located on the page using the given search parameters.',
  stacktrace: 'NoSuchElementError: An element could not be located on the page using the given search parameters.\n' +
    '    at AndroidUiautomator2Driver.findElOrEls (C:\\Repositorios\\webDriverIOMobile\\node_modules\\appium-uiautomator2-driver\\node_modules\\appium-android-driver\\lib\\commands\\find.ts:86:11)\n' +
    '    at processTicksAndRejections (node:internal/process/task_queues:95:5)\n' +
    '    at AndroidUiautomator2Driver.findElOrElsWithProcessing (C:\\Repositorios\\webDriverIOMobile\\node_modules\\appium-uiautomator2-driver\\node_modules\\@appium\\base-driver\\lib\\basedriver\\commands\\find.ts:60:12)\n' +
    '    at AndroidUiautomator2Driver.findElement (C:\\Repositorios\\webDriverIOMobile\\node_modules\\appium-uiautomator2-driver\\node_modules\\@appium\\base-driver\\lib\\basedriver\\commands\\find.ts:75:12)'
}
2026-07-30T02:41:28.836Z INFO webdriver: COMMAND findElement("xpath", "//android.widget.TextView[@text="Appium is awesome"]")
2026-07-30T02:41:28.836Z INFO webdriver: [POST] http://127.0.0.1:4723/session/84d1eb51-3b80-4baf-a0ac-13a3512ad17e/element
2026-07-30T02:41:28.836Z INFO webdriver: DATA {"using":"xpath","value":"//android.widget.TextView[@text=\"Appium is awesome\"]"}
2026-07-30T02:41:28.874Z INFO webdriver: RESULT {
  error: 'no such element',
  message: 'An element could not be located on the page using the given search parameters.',
  stacktrace: 'NoSuchElementError: An element could not be located on the page using the given search parameters.\n' +
    '    at AndroidUiautomator2Driver.findElOrEls (C:\\Repositorios\\webDriverIOMobile\\node_modules\\appium-uiautomator2-driver\\node_modules\\appium-android-driver\\lib\\commands\\find.ts:86:11)\n' +
    '    at processTicksAndRejections (node:internal/process/task_queues:95:5)\n' +
    '    at AndroidUiautomator2Driver.findElOrElsWithProcessing (C:\\Repositorios\\webDriverIOMobile\\node_modules\\appium-uiautomator2-driver\\node_modules\\@appium\\base-driver\\lib\\basedriver\\commands\\find.ts:60:12)\n' +
    '    at AndroidUiautomator2Driver.findElement (C:\\Repositorios\\webDriverIOMobile\\node_modules\\appium-uiautomator2-driver\\node_modules\\@appium\\base-driver\\lib\\basedriver\\commands\\find.ts:75:12)'
}
2026-07-30T02:41:28.947Z INFO webdriver: COMMAND findElement("xpath", "//android.widget.TextView[@text="Appium is awesome"]")
2026-07-30T02:41:28.947Z INFO webdriver: [POST] http://127.0.0.1:4723/session/84d1eb51-3b80-4baf-a0ac-13a3512ad17e/element
2026-07-30T02:41:28.947Z INFO webdriver: DATA {"using":"xpath","value":"//android.widget.TextView[@text=\"Appium is awesome\"]"}
2026-07-30T02:41:28.984Z INFO webdriver: RESULT {
  error: 'no such element',
  message: 'An element could not be located on the page using the given search parameters.',
  stacktrace: 'NoSuchElementError: An element could not be located on the page using the given search parameters.\n' +
    '    at AndroidUiautomator2Driver.findElOrEls (C:\\Repositorios\\webDriverIOMobile\\node_modules\\appium-uiautomator2-driver\\node_modules\\appium-android-driver\\lib\\commands\\find.ts:86:11)\n' +
    '    at processTicksAndRejections (node:internal/process/task_queues:95:5)\n' +
    '    at AndroidUiautomator2Driver.findElOrElsWithProcessing (C:\\Repositorios\\webDriverIOMobile\\node_modules\\appium-uiautomator2-driver\\node_modules\\@appium\\base-driver\\lib\\basedriver\\commands\\find.ts:60:12)\n' +
    '    at AndroidUiautomator2Driver.findElement (C:\\Repositorios\\webDriverIOMobile\\node_modules\\appium-uiautomator2-driver\\node_modules\\@appium\\base-driver\\lib\\basedriver\\commands\\find.ts:75:12)'
}
2026-07-30T02:41:29.040Z INFO webdriver: COMMAND findElement("xpath", "//android.widget.TextView[@text="Appium is awesome"]")
2026-07-30T02:41:29.040Z INFO webdriver: [POST] http://127.0.0.1:4723/session/84d1eb51-3b80-4baf-a0ac-13a3512ad17e/element
2026-07-30T02:41:29.040Z INFO webdriver: DATA {"using":"xpath","value":"//android.widget.TextView[@text=\"Appium is awesome\"]"}
2026-07-30T02:41:29.087Z INFO webdriver: RESULT {
  error: 'no such element',
  message: 'An element could not be located on the page using the given search parameters.',
  stacktrace: 'NoSuchElementError: An element could not be located on the page using the given search parameters.\n' +
    '    at AndroidUiautomator2Driver.findElOrEls (C:\\Repositorios\\webDriverIOMobile\\node_modules\\appium-uiautomator2-driver\\node_modules\\appium-android-driver\\lib\\commands\\find.ts:86:11)\n' +
    '    at processTicksAndRejections (node:internal/process/task_queues:95:5)\n' +
    '    at AndroidUiautomator2Driver.findElOrElsWithProcessing (C:\\Repositorios\\webDriverIOMobile\\node_modules\\appium-uiautomator2-driver\\node_modules\\@appium\\base-driver\\lib\\basedriver\\commands\\find.ts:60:12)\n' +
    '    at AndroidUiautomator2Driver.findElement (C:\\Repositorios\\webDriverIOMobile\\node_modules\\appium-uiautomator2-driver\\node_modules\\@appium\\base-driver\\lib\\basedriver\\commands\\find.ts:75:12)'
}
2026-07-30T02:41:29.149Z INFO webdriver: COMMAND findElement("xpath", "//android.widget.TextView[@text="Appium is awesome"]")
2026-07-30T02:41:29.149Z INFO webdriver: [POST] http://127.0.0.1:4723/session/84d1eb51-3b80-4baf-a0ac-13a3512ad17e/element
2026-07-30T02:41:29.149Z INFO webdriver: DATA {"using":"xpath","value":"//android.widget.TextView[@text=\"Appium is awesome\"]"}
2026-07-30T02:41:29.185Z INFO webdriver: RESULT {
  error: 'no such element',
  message: 'An element could not be located on the page using the given search parameters.',
  stacktrace: 'NoSuchElementError: An element could not be located on the page using the given search parameters.\n' +
    '    at AndroidUiautomator2Driver.findElOrEls (C:\\Repositorios\\webDriverIOMobile\\node_modules\\appium-uiautomator2-driver\\node_modules\\appium-android-driver\\lib\\commands\\find.ts:86:11)\n' +
    '    at processTicksAndRejections (node:internal/process/task_queues:95:5)\n' +
    '    at AndroidUiautomator2Driver.findElOrElsWithProcessing (C:\\Repositorios\\webDriverIOMobile\\node_modules\\appium-uiautomator2-driver\\node_modules\\@appium\\base-driver\\lib\\basedriver\\commands\\find.ts:60:12)\n' +
    '    at AndroidUiautomator2Driver.findElement (C:\\Repositorios\\webDriverIOMobile\\node_modules\\appium-uiautomator2-driver\\node_modules\\@appium\\base-driver\\lib\\basedriver\\commands\\find.ts:75:12)'
}
2026-07-30T02:41:29.240Z INFO webdriver: COMMAND findElement("xpath", "//android.widget.TextView[@text="Appium is awesome"]")
2026-07-30T02:41:29.240Z INFO webdriver: [POST] http://127.0.0.1:4723/session/84d1eb51-3b80-4baf-a0ac-13a3512ad17e/element
2026-07-30T02:41:29.240Z INFO webdriver: DATA {"using":"xpath","value":"//android.widget.TextView[@text=\"Appium is awesome\"]"}
2026-07-30T02:41:29.282Z INFO webdriver: RESULT {
  error: 'no such element',
  message: 'An element could not be located on the page using the given search parameters.',
  stacktrace: 'NoSuchElementError: An element could not be located on the page using the given search parameters.\n' +
    '    at AndroidUiautomator2Driver.findElOrEls (C:\\Repositorios\\webDriverIOMobile\\node_modules\\appium-uiautomator2-driver\\node_modules\\appium-android-driver\\lib\\commands\\find.ts:86:11)\n' +
    '    at processTicksAndRejections (node:internal/process/task_queues:95:5)\n' +
    '    at AndroidUiautomator2Driver.findElOrElsWithProcessing (C:\\Repositorios\\webDriverIOMobile\\node_modules\\appium-uiautomator2-driver\\node_modules\\@appium\\base-driver\\lib\\basedriver\\commands\\find.ts:60:12)\n' +
    '    at AndroidUiautomator2Driver.findElement (C:\\Repositorios\\webDriverIOMobile\\node_modules\\appium-uiautomator2-driver\\node_modules\\@appium\\base-driver\\lib\\basedriver\\commands\\find.ts:75:12)'
}
2026-07-30T02:41:29.350Z INFO webdriver: COMMAND findElement("xpath", "//android.widget.TextView[@text="Appium is awesome"]")
2026-07-30T02:41:29.350Z INFO webdriver: [POST] http://127.0.0.1:4723/session/84d1eb51-3b80-4baf-a0ac-13a3512ad17e/element
2026-07-30T02:41:29.350Z INFO webdriver: DATA {"using":"xpath","value":"//android.widget.TextView[@text=\"Appium is awesome\"]"}
2026-07-30T02:41:29.394Z INFO webdriver: RESULT {
  error: 'no such element',
  message: 'An element could not be located on the page using the given search parameters.',
  stacktrace: 'NoSuchElementError: An element could not be located on the page using the given search parameters.\n' +
    '    at AndroidUiautomator2Driver.findElOrEls (C:\\Repositorios\\webDriverIOMobile\\node_modules\\appium-uiautomator2-driver\\node_modules\\appium-android-driver\\lib\\commands\\find.ts:86:11)\n' +
    '    at processTicksAndRejections (node:internal/process/task_queues:95:5)\n' +
    '    at AndroidUiautomator2Driver.findElOrElsWithProcessing (C:\\Repositorios\\webDriverIOMobile\\node_modules\\appium-uiautomator2-driver\\node_modules\\@appium\\base-driver\\lib\\basedriver\\commands\\find.ts:60:12)\n' +
    '    at AndroidUiautomator2Driver.findElement (C:\\Repositorios\\webDriverIOMobile\\node_modules\\appium-uiautomator2-driver\\node_modules\\@appium\\base-driver\\lib\\basedriver\\commands\\find.ts:75:12)'
}
2026-07-30T02:41:29.443Z INFO webdriver: COMMAND findElement("xpath", "//android.widget.TextView[@text="Appium is awesome"]")
2026-07-30T02:41:29.443Z INFO webdriver: [POST] http://127.0.0.1:4723/session/84d1eb51-3b80-4baf-a0ac-13a3512ad17e/element
2026-07-30T02:41:29.443Z INFO webdriver: DATA {"using":"xpath","value":"//android.widget.TextView[@text=\"Appium is awesome\"]"}
2026-07-30T02:41:29.482Z INFO webdriver: RESULT {
  error: 'no such element',
  message: 'An element could not be located on the page using the given search parameters.',
  stacktrace: 'NoSuchElementError: An element could not be located on the page using the given search parameters.\n' +
    '    at AndroidUiautomator2Driver.findElOrEls (C:\\Repositorios\\webDriverIOMobile\\node_modules\\appium-uiautomator2-driver\\node_modules\\appium-android-driver\\lib\\commands\\find.ts:86:11)\n' +
    '    at processTicksAndRejections (node:internal/process/task_queues:95:5)\n' +
    '    at AndroidUiautomator2Driver.findElOrElsWithProcessing (C:\\Repositorios\\webDriverIOMobile\\node_modules\\appium-uiautomator2-driver\\node_modules\\@appium\\base-driver\\lib\\basedriver\\commands\\find.ts:60:12)\n' +
    '    at AndroidUiautomator2Driver.findElement (C:\\Repositorios\\webDriverIOMobile\\node_modules\\appium-uiautomator2-driver\\node_modules\\@appium\\base-driver\\lib\\basedriver\\commands\\find.ts:75:12)'
}
2026-07-30T02:41:29.537Z INFO webdriver: COMMAND findElement("xpath", "//android.widget.TextView[@text="Appium is awesome"]")
2026-07-30T02:41:29.537Z INFO webdriver: [POST] http://127.0.0.1:4723/session/84d1eb51-3b80-4baf-a0ac-13a3512ad17e/element
2026-07-30T02:41:29.537Z INFO webdriver: DATA {"using":"xpath","value":"//android.widget.TextView[@text=\"Appium is awesome\"]"}
2026-07-30T02:41:29.577Z INFO webdriver: RESULT {
  error: 'no such element',
  message: 'An element could not be located on the page using the given search parameters.',
  stacktrace: 'NoSuchElementError: An element could not be located on the page using the given search parameters.\n' +
    '    at AndroidUiautomator2Driver.findElOrEls (C:\\Repositorios\\webDriverIOMobile\\node_modules\\appium-uiautomator2-driver\\node_modules\\appium-android-driver\\lib\\commands\\find.ts:86:11)\n' +
    '    at processTicksAndRejections (node:internal/process/task_queues:95:5)\n' +
    '    at AndroidUiautomator2Driver.findElOrElsWithProcessing (C:\\Repositorios\\webDriverIOMobile\\node_modules\\appium-uiautomator2-driver\\node_modules\\@appium\\base-driver\\lib\\basedriver\\commands\\find.ts:60:12)\n' +
    '    at AndroidUiautomator2Driver.findElement (C:\\Repositorios\\webDriverIOMobile\\node_modules\\appium-uiautomator2-driver\\node_modules\\@appium\\base-driver\\lib\\basedriver\\commands\\find.ts:75:12)'
}
2026-07-30T02:41:29.645Z INFO webdriver: COMMAND findElement("xpath", "//android.widget.TextView[@text="Appium is awesome"]")
2026-07-30T02:41:29.645Z INFO webdriver: [POST] http://127.0.0.1:4723/session/84d1eb51-3b80-4baf-a0ac-13a3512ad17e/element
2026-07-30T02:41:29.645Z INFO webdriver: DATA {"using":"xpath","value":"//android.widget.TextView[@text=\"Appium is awesome\"]"}
2026-07-30T02:41:29.691Z INFO webdriver: RESULT {
  error: 'no such element',
  message: 'An element could not be located on the page using the given search parameters.',
  stacktrace: 'NoSuchElementError: An element could not be located on the page using the given search parameters.\n' +
    '    at AndroidUiautomator2Driver.findElOrEls (C:\\Repositorios\\webDriverIOMobile\\node_modules\\appium-uiautomator2-driver\\node_modules\\appium-android-driver\\lib\\commands\\find.ts:86:11)\n' +
    '    at processTicksAndRejections (node:internal/process/task_queues:95:5)\n' +
    '    at AndroidUiautomator2Driver.findElOrElsWithProcessing (C:\\Repositorios\\webDriverIOMobile\\node_modules\\appium-uiautomator2-driver\\node_modules\\@appium\\base-driver\\lib\\basedriver\\commands\\find.ts:60:12)\n' +
    '    at AndroidUiautomator2Driver.findElement (C:\\Repositorios\\webDriverIOMobile\\node_modules\\appium-uiautomator2-driver\\node_modules\\@appium\\base-driver\\lib\\basedriver\\commands\\find.ts:75:12)'
}
2026-07-30T02:41:29.738Z INFO webdriver: COMMAND findElement("xpath", "//android.widget.TextView[@text="Appium is awesome"]")
2026-07-30T02:41:29.739Z INFO webdriver: [POST] http://127.0.0.1:4723/session/84d1eb51-3b80-4baf-a0ac-13a3512ad17e/element
2026-07-30T02:41:29.739Z INFO webdriver: DATA {"using":"xpath","value":"//android.widget.TextView[@text=\"Appium is awesome\"]"}
2026-07-30T02:41:29.782Z INFO webdriver: RESULT {
  error: 'no such element',
  message: 'An element could not be located on the page using the given search parameters.',
  stacktrace: 'NoSuchElementError: An element could not be located on the page using the given search parameters.\n' +
    '    at AndroidUiautomator2Driver.findElOrEls (C:\\Repositorios\\webDriverIOMobile\\node_modules\\appium-uiautomator2-driver\\node_modules\\appium-android-driver\\lib\\commands\\find.ts:86:11)\n' +
    '    at processTicksAndRejections (node:internal/process/task_queues:95:5)\n' +
    '    at AndroidUiautomator2Driver.findElOrElsWithProcessing (C:\\Repositorios\\webDriverIOMobile\\node_modules\\appium-uiautomator2-driver\\node_modules\\@appium\\base-driver\\lib\\basedriver\\commands\\find.ts:60:12)\n' +
    '    at AndroidUiautomator2Driver.findElement (C:\\Repositorios\\webDriverIOMobile\\node_modules\\appium-uiautomator2-driver\\node_modules\\@appium\\base-driver\\lib\\basedriver\\commands\\find.ts:75:12)'
}
2026-07-30T02:41:29.849Z INFO webdriver: COMMAND findElement("xpath", "//android.widget.TextView[@text="Appium is awesome"]")
2026-07-30T02:41:29.849Z INFO webdriver: [POST] http://127.0.0.1:4723/session/84d1eb51-3b80-4baf-a0ac-13a3512ad17e/element
2026-07-30T02:41:29.849Z INFO webdriver: DATA {"using":"xpath","value":"//android.widget.TextView[@text=\"Appium is awesome\"]"}
2026-07-30T02:41:29.902Z INFO webdriver: RESULT {
  error: 'no such element',
  message: 'An element could not be located on the page using the given search parameters.',
  stacktrace: 'NoSuchElementError: An element could not be located on the page using the given search parameters.\n' +
    '    at AndroidUiautomator2Driver.findElOrEls (C:\\Repositorios\\webDriverIOMobile\\node_modules\\appium-uiautomator2-driver\\node_modules\\appium-android-driver\\lib\\commands\\find.ts:86:11)\n' +
    '    at processTicksAndRejections (node:internal/process/task_queues:95:5)\n' +
    '    at AndroidUiautomator2Driver.findElOrElsWithProcessing (C:\\Repositorios\\webDriverIOMobile\\node_modules\\appium-uiautomator2-driver\\node_modules\\@appium\\base-driver\\lib\\basedriver\\commands\\find.ts:60:12)\n' +
    '    at AndroidUiautomator2Driver.findElement (C:\\Repositorios\\webDriverIOMobile\\node_modules\\appium-uiautomator2-driver\\node_modules\\@appium\\base-driver\\lib\\basedriver\\commands\\find.ts:75:12)'
}
2026-07-30T02:41:29.941Z INFO webdriver: COMMAND findElement("xpath", "//android.widget.TextView[@text="Appium is awesome"]")
2026-07-30T02:41:29.941Z INFO webdriver: [POST] http://127.0.0.1:4723/session/84d1eb51-3b80-4baf-a0ac-13a3512ad17e/element
2026-07-30T02:41:29.941Z INFO webdriver: DATA {"using":"xpath","value":"//android.widget.TextView[@text=\"Appium is awesome\"]"}
2026-07-30T02:41:30.024Z INFO webdriver: RESULT {
  error: 'no such element',
  message: 'An element could not be located on the page using the given search parameters.',
  stacktrace: 'NoSuchElementError: An element could not be located on the page using the given search parameters.\n' +
    '    at AndroidUiautomator2Driver.findElOrEls (C:\\Repositorios\\webDriverIOMobile\\node_modules\\appium-uiautomator2-driver\\node_modules\\appium-android-driver\\lib\\commands\\find.ts:86:11)\n' +
    '    at processTicksAndRejections (node:internal/process/task_queues:95:5)\n' +
    '    at AndroidUiautomator2Driver.findElOrElsWithProcessing (C:\\Repositorios\\webDriverIOMobile\\node_modules\\appium-uiautomator2-driver\\node_modules\\@appium\\base-driver\\lib\\basedriver\\commands\\find.ts:60:12)\n' +
    '    at AndroidUiautomator2Driver.findElement (C:\\Repositorios\\webDriverIOMobile\\node_modules\\appium-uiautomator2-driver\\node_modules\\@appium\\base-driver\\lib\\basedriver\\commands\\find.ts:75:12)'
}
2026-07-30T02:41:30.049Z INFO webdriver: COMMAND findElement("xpath", "//android.widget.TextView[@text="Appium is awesome"]")
2026-07-30T02:41:30.049Z INFO webdriver: [POST] http://127.0.0.1:4723/session/84d1eb51-3b80-4baf-a0ac-13a3512ad17e/element
2026-07-30T02:41:30.049Z INFO webdriver: DATA {"using":"xpath","value":"//android.widget.TextView[@text=\"Appium is awesome\"]"}
2026-07-30T02:41:30.089Z INFO webdriver: RESULT {
  error: 'no such element',
  message: 'An element could not be located on the page using the given search parameters.',
  stacktrace: 'NoSuchElementError: An element could not be located on the page using the given search parameters.\n' +
    '    at AndroidUiautomator2Driver.findElOrEls (C:\\Repositorios\\webDriverIOMobile\\node_modules\\appium-uiautomator2-driver\\node_modules\\appium-android-driver\\lib\\commands\\find.ts:86:11)\n' +
    '    at processTicksAndRejections (node:internal/process/task_queues:95:5)\n' +
    '    at AndroidUiautomator2Driver.findElOrElsWithProcessing (C:\\Repositorios\\webDriverIOMobile\\node_modules\\appium-uiautomator2-driver\\node_modules\\@appium\\base-driver\\lib\\basedriver\\commands\\find.ts:60:12)\n' +
    '    at AndroidUiautomator2Driver.findElement (C:\\Repositorios\\webDriverIOMobile\\node_modules\\appium-uiautomator2-driver\\node_modules\\@appium\\base-driver\\lib\\basedriver\\commands\\find.ts:75:12)'
}
2026-07-30T02:41:30.143Z INFO webdriver: COMMAND findElement("xpath", "//android.widget.TextView[@text="Appium is awesome"]")
2026-07-30T02:41:30.143Z INFO webdriver: [POST] http://127.0.0.1:4723/session/84d1eb51-3b80-4baf-a0ac-13a3512ad17e/element
2026-07-30T02:41:30.143Z INFO webdriver: DATA {"using":"xpath","value":"//android.widget.TextView[@text=\"Appium is awesome\"]"}
2026-07-30T02:41:30.181Z INFO webdriver: RESULT {
  error: 'no such element',
  message: 'An element could not be located on the page using the given search parameters.',
  stacktrace: 'NoSuchElementError: An element could not be located on the page using the given search parameters.\n' +
    '    at AndroidUiautomator2Driver.findElOrEls (C:\\Repositorios\\webDriverIOMobile\\node_modules\\appium-uiautomator2-driver\\node_modules\\appium-android-driver\\lib\\commands\\find.ts:86:11)\n' +
    '    at processTicksAndRejections (node:internal/process/task_queues:95:5)\n' +
    '    at AndroidUiautomator2Driver.findElOrElsWithProcessing (C:\\Repositorios\\webDriverIOMobile\\node_modules\\appium-uiautomator2-driver\\node_modules\\@appium\\base-driver\\lib\\basedriver\\commands\\find.ts:60:12)\n' +
    '    at AndroidUiautomator2Driver.findElement (C:\\Repositorios\\webDriverIOMobile\\node_modules\\appium-uiautomator2-driver\\node_modules\\@appium\\base-driver\\lib\\basedriver\\commands\\find.ts:75:12)'
}
2026-07-30T02:41:30.237Z INFO webdriver: COMMAND findElement("xpath", "//android.widget.TextView[@text="Appium is awesome"]")
2026-07-30T02:41:30.238Z INFO webdriver: [POST] http://127.0.0.1:4723/session/84d1eb51-3b80-4baf-a0ac-13a3512ad17e/element
2026-07-30T02:41:30.238Z INFO webdriver: DATA {"using":"xpath","value":"//android.widget.TextView[@text=\"Appium is awesome\"]"}
2026-07-30T02:41:30.262Z INFO webdriver: RESULT {
  error: 'no such element',
  message: 'An element could not be located on the page using the given search parameters.',
  stacktrace: 'NoSuchElementError: An element could not be located on the page using the given search parameters.\n' +
    '    at AndroidUiautomator2Driver.findElOrEls (C:\\Repositorios\\webDriverIOMobile\\node_modules\\appium-uiautomator2-driver\\node_modules\\appium-android-driver\\lib\\commands\\find.ts:86:11)\n' +
    '    at processTicksAndRejections (node:internal/process/task_queues:95:5)\n' +
    '    at AndroidUiautomator2Driver.findElOrElsWithProcessing (C:\\Repositorios\\webDriverIOMobile\\node_modules\\appium-uiautomator2-driver\\node_modules\\@appium\\base-driver\\lib\\basedriver\\commands\\find.ts:60:12)\n' +
    '    at AndroidUiautomator2Driver.findElement (C:\\Repositorios\\webDriverIOMobile\\node_modules\\appium-uiautomator2-driver\\node_modules\\@appium\\base-driver\\lib\\basedriver\\commands\\find.ts:75:12)'
}
2026-07-30T02:41:30.346Z INFO webdriver: COMMAND findElement("xpath", "//android.widget.TextView[@text="Appium is awesome"]")
2026-07-30T02:41:30.347Z INFO webdriver: [POST] http://127.0.0.1:4723/session/84d1eb51-3b80-4baf-a0ac-13a3512ad17e/element
2026-07-30T02:41:30.347Z INFO webdriver: DATA {"using":"xpath","value":"//android.widget.TextView[@text=\"Appium is awesome\"]"}
2026-07-30T02:41:30.372Z INFO webdriver: RESULT {
  error: 'no such element',
  message: 'An element could not be located on the page using the given search parameters.',
  stacktrace: 'NoSuchElementError: An element could not be located on the page using the given search parameters.\n' +
    '    at AndroidUiautomator2Driver.findElOrEls (C:\\Repositorios\\webDriverIOMobile\\node_modules\\appium-uiautomator2-driver\\node_modules\\appium-android-driver\\lib\\commands\\find.ts:86:11)\n' +
    '    at processTicksAndRejections (node:internal/process/task_queues:95:5)\n' +
    '    at AndroidUiautomator2Driver.findElOrElsWithProcessing (C:\\Repositorios\\webDriverIOMobile\\node_modules\\appium-uiautomator2-driver\\node_modules\\@appium\\base-driver\\lib\\basedriver\\commands\\find.ts:60:12)\n' +
    '    at AndroidUiautomator2Driver.findElement (C:\\Repositorios\\webDriverIOMobile\\node_modules\\appium-uiautomator2-driver\\node_modules\\@appium\\base-driver\\lib\\basedriver\\commands\\find.ts:75:12)'
}
2026-07-30T02:41:30.442Z INFO webdriver: COMMAND findElement("xpath", "//android.widget.TextView[@text="Appium is awesome"]")
2026-07-30T02:41:30.442Z INFO webdriver: [POST] http://127.0.0.1:4723/session/84d1eb51-3b80-4baf-a0ac-13a3512ad17e/element
2026-07-30T02:41:30.442Z INFO webdriver: DATA {"using":"xpath","value":"//android.widget.TextView[@text=\"Appium is awesome\"]"}
2026-07-30T02:41:30.481Z INFO webdriver: RESULT {
  error: 'no such element',
  message: 'An element could not be located on the page using the given search parameters.',
  stacktrace: 'NoSuchElementError: An element could not be located on the page using the given search parameters.\n' +
    '    at AndroidUiautomator2Driver.findElOrEls (C:\\Repositorios\\webDriverIOMobile\\node_modules\\appium-uiautomator2-driver\\node_modules\\appium-android-driver\\lib\\commands\\find.ts:86:11)\n' +
    '    at processTicksAndRejections (node:internal/process/task_queues:95:5)\n' +
    '    at AndroidUiautomator2Driver.findElOrElsWithProcessing (C:\\Repositorios\\webDriverIOMobile\\node_modules\\appium-uiautomator2-driver\\node_modules\\@appium\\base-driver\\lib\\basedriver\\commands\\find.ts:60:12)\n' +
    '    at AndroidUiautomator2Driver.findElement (C:\\Repositorios\\webDriverIOMobile\\node_modules\\appium-uiautomator2-driver\\node_modules\\@appium\\base-driver\\lib\\basedriver\\commands\\find.ts:75:12)'
}
2026-07-30T02:41:30.550Z INFO webdriver: COMMAND findElement("xpath", "//android.widget.TextView[@text="Appium is awesome"]")
2026-07-30T02:41:30.550Z INFO webdriver: [POST] http://127.0.0.1:4723/session/84d1eb51-3b80-4baf-a0ac-13a3512ad17e/element
2026-07-30T02:41:30.550Z INFO webdriver: DATA {"using":"xpath","value":"//android.widget.TextView[@text=\"Appium is awesome\"]"}
2026-07-30T02:41:30.586Z INFO webdriver: RESULT {
  error: 'no such element',
  message: 'An element could not be located on the page using the given search parameters.',
  stacktrace: 'NoSuchElementError: An element could not be located on the page using the given search parameters.\n' +
    '    at AndroidUiautomator2Driver.findElOrEls (C:\\Repositorios\\webDriverIOMobile\\node_modules\\appium-uiautomator2-driver\\node_modules\\appium-android-driver\\lib\\commands\\find.ts:86:11)\n' +
    '    at processTicksAndRejections (node:internal/process/task_queues:95:5)\n' +
    '    at AndroidUiautomator2Driver.findElOrElsWithProcessing (C:\\Repositorios\\webDriverIOMobile\\node_modules\\appium-uiautomator2-driver\\node_modules\\@appium\\base-driver\\lib\\basedriver\\commands\\find.ts:60:12)\n' +
    '    at AndroidUiautomator2Driver.findElement (C:\\Repositorios\\webDriverIOMobile\\node_modules\\appium-uiautomator2-driver\\node_modules\\@appium\\base-driver\\lib\\basedriver\\commands\\find.ts:75:12)'
}
2026-07-30T02:41:30.642Z INFO webdriver: COMMAND findElement("xpath", "//android.widget.TextView[@text="Appium is awesome"]")
2026-07-30T02:41:30.643Z INFO webdriver: [POST] http://127.0.0.1:4723/session/84d1eb51-3b80-4baf-a0ac-13a3512ad17e/element
2026-07-30T02:41:30.643Z INFO webdriver: DATA {"using":"xpath","value":"//android.widget.TextView[@text=\"Appium is awesome\"]"}
2026-07-30T02:41:30.679Z INFO webdriver: RESULT {
  error: 'no such element',
  message: 'An element could not be located on the page using the given search parameters.',
  stacktrace: 'NoSuchElementError: An element could not be located on the page using the given search parameters.\n' +
    '    at AndroidUiautomator2Driver.findElOrEls (C:\\Repositorios\\webDriverIOMobile\\node_modules\\appium-uiautomator2-driver\\node_modules\\appium-android-driver\\lib\\commands\\find.ts:86:11)\n' +
    '    at processTicksAndRejections (node:internal/process/task_queues:95:5)\n' +
    '    at AndroidUiautomator2Driver.findElOrElsWithProcessing (C:\\Repositorios\\webDriverIOMobile\\node_modules\\appium-uiautomator2-driver\\node_modules\\@appium\\base-driver\\lib\\basedriver\\commands\\find.ts:60:12)\n' +
    '    at AndroidUiautomator2Driver.findElement (C:\\Repositorios\\webDriverIOMobile\\node_modules\\appium-uiautomator2-driver\\node_modules\\@appium\\base-driver\\lib\\basedriver\\commands\\find.ts:75:12)'
}
2026-07-30T02:41:30.738Z INFO webdriver: COMMAND findElement("xpath", "//android.widget.TextView[@text="Appium is awesome"]")
2026-07-30T02:41:30.738Z INFO webdriver: [POST] http://127.0.0.1:4723/session/84d1eb51-3b80-4baf-a0ac-13a3512ad17e/element
2026-07-30T02:41:30.738Z INFO webdriver: DATA {"using":"xpath","value":"//android.widget.TextView[@text=\"Appium is awesome\"]"}
2026-07-30T02:41:30.774Z INFO webdriver: RESULT {
  error: 'no such element',
  message: 'An element could not be located on the page using the given search parameters.',
  stacktrace: 'NoSuchElementError: An element could not be located on the page using the given search parameters.\n' +
    '    at AndroidUiautomator2Driver.findElOrEls (C:\\Repositorios\\webDriverIOMobile\\node_modules\\appium-uiautomator2-driver\\node_modules\\appium-android-driver\\lib\\commands\\find.ts:86:11)\n' +
    '    at processTicksAndRejections (node:internal/process/task_queues:95:5)\n' +
    '    at AndroidUiautomator2Driver.findElOrElsWithProcessing (C:\\Repositorios\\webDriverIOMobile\\node_modules\\appium-uiautomator2-driver\\node_modules\\@appium\\base-driver\\lib\\basedriver\\commands\\find.ts:60:12)\n' +
    '    at AndroidUiautomator2Driver.findElement (C:\\Repositorios\\webDriverIOMobile\\node_modules\\appium-uiautomator2-driver\\node_modules\\@appium\\base-driver\\lib\\basedriver\\commands\\find.ts:75:12)'
}
2026-07-30T02:41:30.847Z INFO webdriver: COMMAND findElement("xpath", "//android.widget.TextView[@text="Appium is awesome"]")
2026-07-30T02:41:30.847Z INFO webdriver: [POST] http://127.0.0.1:4723/session/84d1eb51-3b80-4baf-a0ac-13a3512ad17e/element
2026-07-30T02:41:30.847Z INFO webdriver: DATA {"using":"xpath","value":"//android.widget.TextView[@text=\"Appium is awesome\"]"}
2026-07-30T02:41:30.885Z INFO webdriver: RESULT {
  error: 'no such element',
  message: 'An element could not be located on the page using the given search parameters.',
  stacktrace: 'NoSuchElementError: An element could not be located on the page using the given search parameters.\n' +
    '    at AndroidUiautomator2Driver.findElOrEls (C:\\Repositorios\\webDriverIOMobile\\node_modules\\appium-uiautomator2-driver\\node_modules\\appium-android-driver\\lib\\commands\\find.ts:86:11)\n' +
    '    at processTicksAndRejections (node:internal/process/task_queues:95:5)\n' +
    '    at AndroidUiautomator2Driver.findElOrElsWithProcessing (C:\\Repositorios\\webDriverIOMobile\\node_modules\\appium-uiautomator2-driver\\node_modules\\@appium\\base-driver\\lib\\basedriver\\commands\\find.ts:60:12)\n' +
    '    at AndroidUiautomator2Driver.findElement (C:\\Repositorios\\webDriverIOMobile\\node_modules\\appium-uiautomator2-driver\\node_modules\\@appium\\base-driver\\lib\\basedriver\\commands\\find.ts:75:12)'
}
2026-07-30T02:41:30.941Z INFO webdriver: COMMAND findElement("xpath", "//android.widget.TextView[@text="Appium is awesome"]")
2026-07-30T02:41:30.941Z INFO webdriver: [POST] http://127.0.0.1:4723/session/84d1eb51-3b80-4baf-a0ac-13a3512ad17e/element
2026-07-30T02:41:30.941Z INFO webdriver: DATA {"using":"xpath","value":"//android.widget.TextView[@text=\"Appium is awesome\"]"}
2026-07-30T02:41:30.981Z INFO webdriver: RESULT {
  error: 'no such element',
  message: 'An element could not be located on the page using the given search parameters.',
  stacktrace: 'NoSuchElementError: An element could not be located on the page using the given search parameters.\n' +
    '    at AndroidUiautomator2Driver.findElOrEls (C:\\Repositorios\\webDriverIOMobile\\node_modules\\appium-uiautomator2-driver\\node_modules\\appium-android-driver\\lib\\commands\\find.ts:86:11)\n' +
    '    at processTicksAndRejections (node:internal/process/task_queues:95:5)\n' +
    '    at AndroidUiautomator2Driver.findElOrElsWithProcessing (C:\\Repositorios\\webDriverIOMobile\\node_modules\\appium-uiautomator2-driver\\node_modules\\@appium\\base-driver\\lib\\basedriver\\commands\\find.ts:60:12)\n' +
    '    at AndroidUiautomator2Driver.findElement (C:\\Repositorios\\webDriverIOMobile\\node_modules\\appium-uiautomator2-driver\\node_modules\\@appium\\base-driver\\lib\\basedriver\\commands\\find.ts:75:12)'
}
2026-07-30T02:41:31.050Z INFO webdriver: COMMAND findElement("xpath", "//android.widget.TextView[@text="Appium is awesome"]")
2026-07-30T02:41:31.050Z INFO webdriver: [POST] http://127.0.0.1:4723/session/84d1eb51-3b80-4baf-a0ac-13a3512ad17e/element
2026-07-30T02:41:31.050Z INFO webdriver: DATA {"using":"xpath","value":"//android.widget.TextView[@text=\"Appium is awesome\"]"}
2026-07-30T02:41:31.089Z INFO webdriver: RESULT {
  error: 'no such element',
  message: 'An element could not be located on the page using the given search parameters.',
  stacktrace: 'NoSuchElementError: An element could not be located on the page using the given search parameters.\n' +
    '    at AndroidUiautomator2Driver.findElOrEls (C:\\Repositorios\\webDriverIOMobile\\node_modules\\appium-uiautomator2-driver\\node_modules\\appium-android-driver\\lib\\commands\\find.ts:86:11)\n' +
    '    at processTicksAndRejections (node:internal/process/task_queues:95:5)\n' +
    '    at AndroidUiautomator2Driver.findElOrElsWithProcessing (C:\\Repositorios\\webDriverIOMobile\\node_modules\\appium-uiautomator2-driver\\node_modules\\@appium\\base-driver\\lib\\basedriver\\commands\\find.ts:60:12)\n' +
    '    at AndroidUiautomator2Driver.findElement (C:\\Repositorios\\webDriverIOMobile\\node_modules\\appium-uiautomator2-driver\\node_modules\\@appium\\base-driver\\lib\\basedriver\\commands\\find.ts:75:12)'
}
2026-07-30T02:41:31.144Z INFO webdriver: COMMAND findElement("xpath", "//android.widget.TextView[@text="Appium is awesome"]")
2026-07-30T02:41:31.144Z INFO webdriver: [POST] http://127.0.0.1:4723/session/84d1eb51-3b80-4baf-a0ac-13a3512ad17e/element
2026-07-30T02:41:31.144Z INFO webdriver: DATA {"using":"xpath","value":"//android.widget.TextView[@text=\"Appium is awesome\"]"}
2026-07-30T02:41:31.183Z INFO webdriver: RESULT {
  error: 'no such element',
  message: 'An element could not be located on the page using the given search parameters.',
  stacktrace: 'NoSuchElementError: An element could not be located on the page using the given search parameters.\n' +
    '    at AndroidUiautomator2Driver.findElOrEls (C:\\Repositorios\\webDriverIOMobile\\node_modules\\appium-uiautomator2-driver\\node_modules\\appium-android-driver\\lib\\commands\\find.ts:86:11)\n' +
    '    at processTicksAndRejections (node:internal/process/task_queues:95:5)\n' +
    '    at AndroidUiautomator2Driver.findElOrElsWithProcessing (C:\\Repositorios\\webDriverIOMobile\\node_modules\\appium-uiautomator2-driver\\node_modules\\@appium\\base-driver\\lib\\basedriver\\commands\\find.ts:60:12)\n' +
    '    at AndroidUiautomator2Driver.findElement (C:\\Repositorios\\webDriverIOMobile\\node_modules\\appium-uiautomator2-driver\\node_modules\\@appium\\base-driver\\lib\\basedriver\\commands\\find.ts:75:12)'
}
2026-07-30T02:41:31.238Z INFO webdriver: COMMAND findElement("xpath", "//android.widget.TextView[@text="Appium is awesome"]")
2026-07-30T02:41:31.238Z INFO webdriver: [POST] http://127.0.0.1:4723/session/84d1eb51-3b80-4baf-a0ac-13a3512ad17e/element
2026-07-30T02:41:31.238Z INFO webdriver: DATA {"using":"xpath","value":"//android.widget.TextView[@text=\"Appium is awesome\"]"}
2026-07-30T02:41:31.278Z INFO webdriver: RESULT {
  error: 'no such element',
  message: 'An element could not be located on the page using the given search parameters.',
  stacktrace: 'NoSuchElementError: An element could not be located on the page using the given search parameters.\n' +
    '    at AndroidUiautomator2Driver.findElOrEls (C:\\Repositorios\\webDriverIOMobile\\node_modules\\appium-uiautomator2-driver\\node_modules\\appium-android-driver\\lib\\commands\\find.ts:86:11)\n' +
    '    at processTicksAndRejections (node:internal/process/task_queues:95:5)\n' +
    '    at AndroidUiautomator2Driver.findElOrElsWithProcessing (C:\\Repositorios\\webDriverIOMobile\\node_modules\\appium-uiautomator2-driver\\node_modules\\@appium\\base-driver\\lib\\basedriver\\commands\\find.ts:60:12)\n' +
    '    at AndroidUiautomator2Driver.findElement (C:\\Repositorios\\webDriverIOMobile\\node_modules\\appium-uiautomator2-driver\\node_modules\\@appium\\base-driver\\lib\\basedriver\\commands\\find.ts:75:12)'
}
2026-07-30T02:41:31.346Z INFO webdriver: COMMAND findElement("xpath", "//android.widget.TextView[@text="Appium is awesome"]")
2026-07-30T02:41:31.346Z INFO webdriver: [POST] http://127.0.0.1:4723/session/84d1eb51-3b80-4baf-a0ac-13a3512ad17e/element
2026-07-30T02:41:31.346Z INFO webdriver: DATA {"using":"xpath","value":"//android.widget.TextView[@text=\"Appium is awesome\"]"}
2026-07-30T02:41:31.386Z INFO webdriver: RESULT {
  error: 'no such element',
  message: 'An element could not be located on the page using the given search parameters.',
  stacktrace: 'NoSuchElementError: An element could not be located on the page using the given search parameters.\n' +
    '    at AndroidUiautomator2Driver.findElOrEls (C:\\Repositorios\\webDriverIOMobile\\node_modules\\appium-uiautomator2-driver\\node_modules\\appium-android-driver\\lib\\commands\\find.ts:86:11)\n' +
    '    at processTicksAndRejections (node:internal/process/task_queues:95:5)\n' +
    '    at AndroidUiautomator2Driver.findElOrElsWithProcessing (C:\\Repositorios\\webDriverIOMobile\\node_modules\\appium-uiautomator2-driver\\node_modules\\@appium\\base-driver\\lib\\basedriver\\commands\\find.ts:60:12)\n' +
    '    at AndroidUiautomator2Driver.findElement (C:\\Repositorios\\webDriverIOMobile\\node_modules\\appium-uiautomator2-driver\\node_modules\\@appium\\base-driver\\lib\\basedriver\\commands\\find.ts:75:12)'
}
2026-07-30T02:41:31.440Z INFO webdriver: COMMAND findElement("xpath", "//android.widget.TextView[@text="Appium is awesome"]")
2026-07-30T02:41:31.440Z INFO webdriver: [POST] http://127.0.0.1:4723/session/84d1eb51-3b80-4baf-a0ac-13a3512ad17e/element
2026-07-30T02:41:31.440Z INFO webdriver: DATA {"using":"xpath","value":"//android.widget.TextView[@text=\"Appium is awesome\"]"}
2026-07-30T02:41:31.482Z INFO webdriver: RESULT {
  error: 'no such element',
  message: 'An element could not be located on the page using the given search parameters.',
  stacktrace: 'NoSuchElementError: An element could not be located on the page using the given search parameters.\n' +
    '    at AndroidUiautomator2Driver.findElOrEls (C:\\Repositorios\\webDriverIOMobile\\node_modules\\appium-uiautomator2-driver\\node_modules\\appium-android-driver\\lib\\commands\\find.ts:86:11)\n' +
    '    at processTicksAndRejections (node:internal/process/task_queues:95:5)\n' +
    '    at AndroidUiautomator2Driver.findElOrElsWithProcessing (C:\\Repositorios\\webDriverIOMobile\\node_modules\\appium-uiautomator2-driver\\node_modules\\@appium\\base-driver\\lib\\basedriver\\commands\\find.ts:60:12)\n' +
    '    at AndroidUiautomator2Driver.findElement (C:\\Repositorios\\webDriverIOMobile\\node_modules\\appium-uiautomator2-driver\\node_modules\\@appium\\base-driver\\lib\\basedriver\\commands\\find.ts:75:12)'
}
2026-07-30T02:41:31.547Z INFO webdriver: COMMAND findElement("xpath", "//android.widget.TextView[@text="Appium is awesome"]")
2026-07-30T02:41:31.547Z INFO webdriver: [POST] http://127.0.0.1:4723/session/84d1eb51-3b80-4baf-a0ac-13a3512ad17e/element
2026-07-30T02:41:31.547Z INFO webdriver: DATA {"using":"xpath","value":"//android.widget.TextView[@text=\"Appium is awesome\"]"}
2026-07-30T02:41:31.583Z INFO webdriver: RESULT {
  error: 'no such element',
  message: 'An element could not be located on the page using the given search parameters.',
  stacktrace: 'NoSuchElementError: An element could not be located on the page using the given search parameters.\n' +
    '    at AndroidUiautomator2Driver.findElOrEls (C:\\Repositorios\\webDriverIOMobile\\node_modules\\appium-uiautomator2-driver\\node_modules\\appium-android-driver\\lib\\commands\\find.ts:86:11)\n' +
    '    at processTicksAndRejections (node:internal/process/task_queues:95:5)\n' +
    '    at AndroidUiautomator2Driver.findElOrElsWithProcessing (C:\\Repositorios\\webDriverIOMobile\\node_modules\\appium-uiautomator2-driver\\node_modules\\@appium\\base-driver\\lib\\basedriver\\commands\\find.ts:60:12)\n' +
    '    at AndroidUiautomator2Driver.findElement (C:\\Repositorios\\webDriverIOMobile\\node_modules\\appium-uiautomator2-driver\\node_modules\\@appium\\base-driver\\lib\\basedriver\\commands\\find.ts:75:12)'
}
2026-07-30T02:41:31.641Z INFO webdriver: COMMAND findElement("xpath", "//android.widget.TextView[@text="Appium is awesome"]")
2026-07-30T02:41:31.641Z INFO webdriver: [POST] http://127.0.0.1:4723/session/84d1eb51-3b80-4baf-a0ac-13a3512ad17e/element
2026-07-30T02:41:31.641Z INFO webdriver: DATA {"using":"xpath","value":"//android.widget.TextView[@text=\"Appium is awesome\"]"}
2026-07-30T02:41:31.684Z INFO webdriver: RESULT {
  error: 'no such element',
  message: 'An element could not be located on the page using the given search parameters.',
  stacktrace: 'NoSuchElementError: An element could not be located on the page using the given search parameters.\n' +
    '    at AndroidUiautomator2Driver.findElOrEls (C:\\Repositorios\\webDriverIOMobile\\node_modules\\appium-uiautomator2-driver\\node_modules\\appium-android-driver\\lib\\commands\\find.ts:86:11)\n' +
    '    at processTicksAndRejections (node:internal/process/task_queues:95:5)\n' +
    '    at AndroidUiautomator2Driver.findElOrElsWithProcessing (C:\\Repositorios\\webDriverIOMobile\\node_modules\\appium-uiautomator2-driver\\node_modules\\@appium\\base-driver\\lib\\basedriver\\commands\\find.ts:60:12)\n' +
    '    at AndroidUiautomator2Driver.findElement (C:\\Repositorios\\webDriverIOMobile\\node_modules\\appium-uiautomator2-driver\\node_modules\\@appium\\base-driver\\lib\\basedriver\\commands\\find.ts:75:12)'
}
2026-07-30T02:41:31.736Z INFO webdriver: COMMAND findElement("xpath", "//android.widget.TextView[@text="Appium is awesome"]")
2026-07-30T02:41:31.736Z INFO webdriver: [POST] http://127.0.0.1:4723/session/84d1eb51-3b80-4baf-a0ac-13a3512ad17e/element
2026-07-30T02:41:31.736Z INFO webdriver: DATA {"using":"xpath","value":"//android.widget.TextView[@text=\"Appium is awesome\"]"}
2026-07-30T02:41:31.776Z INFO webdriver: RESULT {
  error: 'no such element',
  message: 'An element could not be located on the page using the given search parameters.',
  stacktrace: 'NoSuchElementError: An element could not be located on the page using the given search parameters.\n' +
    '    at AndroidUiautomator2Driver.findElOrEls (C:\\Repositorios\\webDriverIOMobile\\node_modules\\appium-uiautomator2-driver\\node_modules\\appium-android-driver\\lib\\commands\\find.ts:86:11)\n' +
    '    at processTicksAndRejections (node:internal/process/task_queues:95:5)\n' +
    '    at AndroidUiautomator2Driver.findElOrElsWithProcessing (C:\\Repositorios\\webDriverIOMobile\\node_modules\\appium-uiautomator2-driver\\node_modules\\@appium\\base-driver\\lib\\basedriver\\commands\\find.ts:60:12)\n' +
    '    at AndroidUiautomator2Driver.findElement (C:\\Repositorios\\webDriverIOMobile\\node_modules\\appium-uiautomator2-driver\\node_modules\\@appium\\base-driver\\lib\\basedriver\\commands\\find.ts:75:12)'
}
2026-07-30T02:41:31.844Z INFO webdriver: COMMAND findElement("xpath", "//android.widget.TextView[@text="Appium is awesome"]")
2026-07-30T02:41:31.844Z INFO webdriver: [POST] http://127.0.0.1:4723/session/84d1eb51-3b80-4baf-a0ac-13a3512ad17e/element
2026-07-30T02:41:31.844Z INFO webdriver: DATA {"using":"xpath","value":"//android.widget.TextView[@text=\"Appium is awesome\"]"}
2026-07-30T02:41:31.886Z INFO webdriver: RESULT {
  error: 'no such element',
  message: 'An element could not be located on the page using the given search parameters.',
  stacktrace: 'NoSuchElementError: An element could not be located on the page using the given search parameters.\n' +
    '    at AndroidUiautomator2Driver.findElOrEls (C:\\Repositorios\\webDriverIOMobile\\node_modules\\appium-uiautomator2-driver\\node_modules\\appium-android-driver\\lib\\commands\\find.ts:86:11)\n' +
    '    at processTicksAndRejections (node:internal/process/task_queues:95:5)\n' +
    '    at AndroidUiautomator2Driver.findElOrElsWithProcessing (C:\\Repositorios\\webDriverIOMobile\\node_modules\\appium-uiautomator2-driver\\node_modules\\@appium\\base-driver\\lib\\basedriver\\commands\\find.ts:60:12)\n' +
    '    at AndroidUiautomator2Driver.findElement (C:\\Repositorios\\webDriverIOMobile\\node_modules\\appium-uiautomator2-driver\\node_modules\\@appium\\base-driver\\lib\\basedriver\\commands\\find.ts:75:12)'
}
2026-07-30T02:41:31.939Z INFO webdriver: COMMAND findElement("xpath", "//android.widget.TextView[@text="Appium is awesome"]")
2026-07-30T02:41:31.939Z INFO webdriver: [POST] http://127.0.0.1:4723/session/84d1eb51-3b80-4baf-a0ac-13a3512ad17e/element
2026-07-30T02:41:31.939Z INFO webdriver: DATA {"using":"xpath","value":"//android.widget.TextView[@text=\"Appium is awesome\"]"}
2026-07-30T02:41:31.984Z INFO webdriver: RESULT {
  error: 'no such element',
  message: 'An element could not be located on the page using the given search parameters.',
  stacktrace: 'NoSuchElementError: An element could not be located on the page using the given search parameters.\n' +
    '    at AndroidUiautomator2Driver.findElOrEls (C:\\Repositorios\\webDriverIOMobile\\node_modules\\appium-uiautomator2-driver\\node_modules\\appium-android-driver\\lib\\commands\\find.ts:86:11)\n' +
    '    at processTicksAndRejections (node:internal/process/task_queues:95:5)\n' +
    '    at AndroidUiautomator2Driver.findElOrElsWithProcessing (C:\\Repositorios\\webDriverIOMobile\\node_modules\\appium-uiautomator2-driver\\node_modules\\@appium\\base-driver\\lib\\basedriver\\commands\\find.ts:60:12)\n' +
    '    at AndroidUiautomator2Driver.findElement (C:\\Repositorios\\webDriverIOMobile\\node_modules\\appium-uiautomator2-driver\\node_modules\\@appium\\base-driver\\lib\\basedriver\\commands\\find.ts:75:12)'
}
2026-07-30T02:41:32.049Z INFO webdriver: COMMAND findElement("xpath", "//android.widget.TextView[@text="Appium is awesome"]")
2026-07-30T02:41:32.049Z INFO webdriver: [POST] http://127.0.0.1:4723/session/84d1eb51-3b80-4baf-a0ac-13a3512ad17e/element
2026-07-30T02:41:32.049Z INFO webdriver: DATA {"using":"xpath","value":"//android.widget.TextView[@text=\"Appium is awesome\"]"}
2026-07-30T02:41:32.089Z INFO webdriver: RESULT {
  error: 'no such element',
  message: 'An element could not be located on the page using the given search parameters.',
  stacktrace: 'NoSuchElementError: An element could not be located on the page using the given search parameters.\n' +
    '    at AndroidUiautomator2Driver.findElOrEls (C:\\Repositorios\\webDriverIOMobile\\node_modules\\appium-uiautomator2-driver\\node_modules\\appium-android-driver\\lib\\commands\\find.ts:86:11)\n' +
    '    at processTicksAndRejections (node:internal/process/task_queues:95:5)\n' +
    '    at AndroidUiautomator2Driver.findElOrElsWithProcessing (C:\\Repositorios\\webDriverIOMobile\\node_modules\\appium-uiautomator2-driver\\node_modules\\@appium\\base-driver\\lib\\basedriver\\commands\\find.ts:60:12)\n' +
    '    at AndroidUiautomator2Driver.findElement (C:\\Repositorios\\webDriverIOMobile\\node_modules\\appium-uiautomator2-driver\\node_modules\\@appium\\base-driver\\lib\\basedriver\\commands\\find.ts:75:12)'
}
2026-07-30T02:41:32.141Z INFO webdriver: COMMAND findElement("xpath", "//android.widget.TextView[@text="Appium is awesome"]")
2026-07-30T02:41:32.141Z INFO webdriver: [POST] http://127.0.0.1:4723/session/84d1eb51-3b80-4baf-a0ac-13a3512ad17e/element
2026-07-30T02:41:32.141Z INFO webdriver: DATA {"using":"xpath","value":"//android.widget.TextView[@text=\"Appium is awesome\"]"}
2026-07-30T02:41:32.181Z INFO webdriver: RESULT {
  error: 'no such element',
  message: 'An element could not be located on the page using the given search parameters.',
  stacktrace: 'NoSuchElementError: An element could not be located on the page using the given search parameters.\n' +
    '    at AndroidUiautomator2Driver.findElOrEls (C:\\Repositorios\\webDriverIOMobile\\node_modules\\appium-uiautomator2-driver\\node_modules\\appium-android-driver\\lib\\commands\\find.ts:86:11)\n' +
    '    at processTicksAndRejections (node:internal/process/task_queues:95:5)\n' +
    '    at AndroidUiautomator2Driver.findElOrElsWithProcessing (C:\\Repositorios\\webDriverIOMobile\\node_modules\\appium-uiautomator2-driver\\node_modules\\@appium\\base-driver\\lib\\basedriver\\commands\\find.ts:60:12)\n' +
    '    at AndroidUiautomator2Driver.findElement (C:\\Repositorios\\webDriverIOMobile\\node_modules\\appium-uiautomator2-driver\\node_modules\\@appium\\base-driver\\lib\\basedriver\\commands\\find.ts:75:12)'
}
2026-07-30T02:41:32.250Z INFO webdriver: COMMAND findElement("xpath", "//android.widget.TextView[@text="Appium is awesome"]")
2026-07-30T02:41:32.250Z INFO webdriver: [POST] http://127.0.0.1:4723/session/84d1eb51-3b80-4baf-a0ac-13a3512ad17e/element
2026-07-30T02:41:32.250Z INFO webdriver: DATA {"using":"xpath","value":"//android.widget.TextView[@text=\"Appium is awesome\"]"}
2026-07-30T02:41:32.288Z INFO webdriver: RESULT {
  error: 'no such element',
  message: 'An element could not be located on the page using the given search parameters.',
  stacktrace: 'NoSuchElementError: An element could not be located on the page using the given search parameters.\n' +
    '    at AndroidUiautomator2Driver.findElOrEls (C:\\Repositorios\\webDriverIOMobile\\node_modules\\appium-uiautomator2-driver\\node_modules\\appium-android-driver\\lib\\commands\\find.ts:86:11)\n' +
    '    at processTicksAndRejections (node:internal/process/task_queues:95:5)\n' +
    '    at AndroidUiautomator2Driver.findElOrElsWithProcessing (C:\\Repositorios\\webDriverIOMobile\\node_modules\\appium-uiautomator2-driver\\node_modules\\@appium\\base-driver\\lib\\basedriver\\commands\\find.ts:60:12)\n' +
    '    at AndroidUiautomator2Driver.findElement (C:\\Repositorios\\webDriverIOMobile\\node_modules\\appium-uiautomator2-driver\\node_modules\\@appium\\base-driver\\lib\\basedriver\\commands\\find.ts:75:12)'
}
2026-07-30T02:41:32.344Z INFO webdriver: COMMAND findElement("xpath", "//android.widget.TextView[@text="Appium is awesome"]")
2026-07-30T02:41:32.344Z INFO webdriver: [POST] http://127.0.0.1:4723/session/84d1eb51-3b80-4baf-a0ac-13a3512ad17e/element
2026-07-30T02:41:32.344Z INFO webdriver: DATA {"using":"xpath","value":"//android.widget.TextView[@text=\"Appium is awesome\"]"}
2026-07-30T02:41:32.381Z INFO webdriver: RESULT {
  error: 'no such element',
  message: 'An element could not be located on the page using the given search parameters.',
  stacktrace: 'NoSuchElementError: An element could not be located on the page using the given search parameters.\n' +
    '    at AndroidUiautomator2Driver.findElOrEls (C:\\Repositorios\\webDriverIOMobile\\node_modules\\appium-uiautomator2-driver\\node_modules\\appium-android-driver\\lib\\commands\\find.ts:86:11)\n' +
    '    at processTicksAndRejections (node:internal/process/task_queues:95:5)\n' +
    '    at AndroidUiautomator2Driver.findElOrElsWithProcessing (C:\\Repositorios\\webDriverIOMobile\\node_modules\\appium-uiautomator2-driver\\node_modules\\@appium\\base-driver\\lib\\basedriver\\commands\\find.ts:60:12)\n' +
    '    at AndroidUiautomator2Driver.findElement (C:\\Repositorios\\webDriverIOMobile\\node_modules\\appium-uiautomator2-driver\\node_modules\\@appium\\base-driver\\lib\\basedriver\\commands\\find.ts:75:12)'
}
2026-07-30T02:41:32.440Z INFO webdriver: COMMAND findElement("xpath", "//android.widget.TextView[@text="Appium is awesome"]")
2026-07-30T02:41:32.440Z INFO webdriver: [POST] http://127.0.0.1:4723/session/84d1eb51-3b80-4baf-a0ac-13a3512ad17e/element
2026-07-30T02:41:32.440Z INFO webdriver: DATA {"using":"xpath","value":"//android.widget.TextView[@text=\"Appium is awesome\"]"}
2026-07-30T02:41:32.481Z INFO webdriver: RESULT {
  error: 'no such element',
  message: 'An element could not be located on the page using the given search parameters.',
  stacktrace: 'NoSuchElementError: An element could not be located on the page using the given search parameters.\n' +
    '    at AndroidUiautomator2Driver.findElOrEls (C:\\Repositorios\\webDriverIOMobile\\node_modules\\appium-uiautomator2-driver\\node_modules\\appium-android-driver\\lib\\commands\\find.ts:86:11)\n' +
    '    at processTicksAndRejections (node:internal/process/task_queues:95:5)\n' +
    '    at AndroidUiautomator2Driver.findElOrElsWithProcessing (C:\\Repositorios\\webDriverIOMobile\\node_modules\\appium-uiautomator2-driver\\node_modules\\@appium\\base-driver\\lib\\basedriver\\commands\\find.ts:60:12)\n' +
    '    at AndroidUiautomator2Driver.findElement (C:\\Repositorios\\webDriverIOMobile\\node_modules\\appium-uiautomator2-driver\\node_modules\\@appium\\base-driver\\lib\\basedriver\\commands\\find.ts:75:12)'
}
2026-07-30T02:41:32.546Z INFO webdriver: COMMAND findElement("xpath", "//android.widget.TextView[@text="Appium is awesome"]")
2026-07-30T02:41:32.546Z INFO webdriver: [POST] http://127.0.0.1:4723/session/84d1eb51-3b80-4baf-a0ac-13a3512ad17e/element
2026-07-30T02:41:32.546Z INFO webdriver: DATA {"using":"xpath","value":"//android.widget.TextView[@text=\"Appium is awesome\"]"}
2026-07-30T02:41:32.584Z INFO webdriver: RESULT {
  error: 'no such element',
  message: 'An element could not be located on the page using the given search parameters.',
  stacktrace: 'NoSuchElementError: An element could not be located on the page using the given search parameters.\n' +
    '    at AndroidUiautomator2Driver.findElOrEls (C:\\Repositorios\\webDriverIOMobile\\node_modules\\appium-uiautomator2-driver\\node_modules\\appium-android-driver\\lib\\commands\\find.ts:86:11)\n' +
    '    at processTicksAndRejections (node:internal/process/task_queues:95:5)\n' +
    '    at AndroidUiautomator2Driver.findElOrElsWithProcessing (C:\\Repositorios\\webDriverIOMobile\\node_modules\\appium-uiautomator2-driver\\node_modules\\@appium\\base-driver\\lib\\basedriver\\commands\\find.ts:60:12)\n' +
    '    at AndroidUiautomator2Driver.findElement (C:\\Repositorios\\webDriverIOMobile\\node_modules\\appium-uiautomator2-driver\\node_modules\\@appium\\base-driver\\lib\\basedriver\\commands\\find.ts:75:12)'
}
2026-07-30T02:41:32.640Z INFO webdriver: COMMAND findElement("xpath", "//android.widget.TextView[@text="Appium is awesome"]")
2026-07-30T02:41:32.640Z INFO webdriver: [POST] http://127.0.0.1:4723/session/84d1eb51-3b80-4baf-a0ac-13a3512ad17e/element
2026-07-30T02:41:32.640Z INFO webdriver: DATA {"using":"xpath","value":"//android.widget.TextView[@text=\"Appium is awesome\"]"}
2026-07-30T02:41:32.675Z INFO webdriver: RESULT {
  error: 'no such element',
  message: 'An element could not be located on the page using the given search parameters.',
  stacktrace: 'NoSuchElementError: An element could not be located on the page using the given search parameters.\n' +
    '    at AndroidUiautomator2Driver.findElOrEls (C:\\Repositorios\\webDriverIOMobile\\node_modules\\appium-uiautomator2-driver\\node_modules\\appium-android-driver\\lib\\commands\\find.ts:86:11)\n' +
    '    at processTicksAndRejections (node:internal/process/task_queues:95:5)\n' +
    '    at AndroidUiautomator2Driver.findElOrElsWithProcessing (C:\\Repositorios\\webDriverIOMobile\\node_modules\\appium-uiautomator2-driver\\node_modules\\@appium\\base-driver\\lib\\basedriver\\commands\\find.ts:60:12)\n' +
    '    at AndroidUiautomator2Driver.findElement (C:\\Repositorios\\webDriverIOMobile\\node_modules\\appium-uiautomator2-driver\\node_modules\\@appium\\base-driver\\lib\\basedriver\\commands\\find.ts:75:12)'
}
2026-07-30T02:41:32.750Z INFO webdriver: COMMAND findElement("xpath", "//android.widget.TextView[@text="Appium is awesome"]")
2026-07-30T02:41:32.750Z INFO webdriver: [POST] http://127.0.0.1:4723/session/84d1eb51-3b80-4baf-a0ac-13a3512ad17e/element
2026-07-30T02:41:32.750Z INFO webdriver: DATA {"using":"xpath","value":"//android.widget.TextView[@text=\"Appium is awesome\"]"}
2026-07-30T02:41:32.788Z INFO webdriver: RESULT {
  error: 'no such element',
  message: 'An element could not be located on the page using the given search parameters.',
  stacktrace: 'NoSuchElementError: An element could not be located on the page using the given search parameters.\n' +
    '    at AndroidUiautomator2Driver.findElOrEls (C:\\Repositorios\\webDriverIOMobile\\node_modules\\appium-uiautomator2-driver\\node_modules\\appium-android-driver\\lib\\commands\\find.ts:86:11)\n' +
    '    at processTicksAndRejections (node:internal/process/task_queues:95:5)\n' +
    '    at AndroidUiautomator2Driver.findElOrElsWithProcessing (C:\\Repositorios\\webDriverIOMobile\\node_modules\\appium-uiautomator2-driver\\node_modules\\@appium\\base-driver\\lib\\basedriver\\commands\\find.ts:60:12)\n' +
    '    at AndroidUiautomator2Driver.findElement (C:\\Repositorios\\webDriverIOMobile\\node_modules\\appium-uiautomator2-driver\\node_modules\\@appium\\base-driver\\lib\\basedriver\\commands\\find.ts:75:12)'
}
2026-07-30T02:41:32.842Z INFO webdriver: COMMAND findElement("xpath", "//android.widget.TextView[@text="Appium is awesome"]")
2026-07-30T02:41:32.842Z INFO webdriver: [POST] http://127.0.0.1:4723/session/84d1eb51-3b80-4baf-a0ac-13a3512ad17e/element
2026-07-30T02:41:32.842Z INFO webdriver: DATA {"using":"xpath","value":"//android.widget.TextView[@text=\"Appium is awesome\"]"}
2026-07-30T02:41:32.875Z INFO webdriver: RESULT {
  error: 'no such element',
  message: 'An element could not be located on the page using the given search parameters.',
  stacktrace: 'NoSuchElementError: An element could not be located on the page using the given search parameters.\n' +
    '    at AndroidUiautomator2Driver.findElOrEls (C:\\Repositorios\\webDriverIOMobile\\node_modules\\appium-uiautomator2-driver\\node_modules\\appium-android-driver\\lib\\commands\\find.ts:86:11)\n' +
    '    at processTicksAndRejections (node:internal/process/task_queues:95:5)\n' +
    '    at AndroidUiautomator2Driver.findElOrElsWithProcessing (C:\\Repositorios\\webDriverIOMobile\\node_modules\\appium-uiautomator2-driver\\node_modules\\@appium\\base-driver\\lib\\basedriver\\commands\\find.ts:60:12)\n' +
    '    at AndroidUiautomator2Driver.findElement (C:\\Repositorios\\webDriverIOMobile\\node_modules\\appium-uiautomator2-driver\\node_modules\\@appium\\base-driver\\lib\\basedriver\\commands\\find.ts:75:12)'
}
2026-07-30T02:41:32.936Z INFO webdriver: COMMAND findElement("xpath", "//android.widget.TextView[@text="Appium is awesome"]")
2026-07-30T02:41:32.936Z INFO webdriver: [POST] http://127.0.0.1:4723/session/84d1eb51-3b80-4baf-a0ac-13a3512ad17e/element
2026-07-30T02:41:32.936Z INFO webdriver: DATA {"using":"xpath","value":"//android.widget.TextView[@text=\"Appium is awesome\"]"}
2026-07-30T02:41:32.974Z INFO webdriver: RESULT {
  error: 'no such element',
  message: 'An element could not be located on the page using the given search parameters.',
  stacktrace: 'NoSuchElementError: An element could not be located on the page using the given search parameters.\n' +
    '    at AndroidUiautomator2Driver.findElOrEls (C:\\Repositorios\\webDriverIOMobile\\node_modules\\appium-uiautomator2-driver\\node_modules\\appium-android-driver\\lib\\commands\\find.ts:86:11)\n' +
    '    at processTicksAndRejections (node:internal/process/task_queues:95:5)\n' +
    '    at AndroidUiautomator2Driver.findElOrElsWithProcessing (C:\\Repositorios\\webDriverIOMobile\\node_modules\\appium-uiautomator2-driver\\node_modules\\@appium\\base-driver\\lib\\basedriver\\commands\\find.ts:60:12)\n' +
    '    at AndroidUiautomator2Driver.findElement (C:\\Repositorios\\webDriverIOMobile\\node_modules\\appium-uiautomator2-driver\\node_modules\\@appium\\base-driver\\lib\\basedriver\\commands\\find.ts:75:12)'
}
2026-07-30T02:41:33.046Z INFO webdriver: COMMAND findElement("xpath", "//android.widget.TextView[@text="Appium is awesome"]")
2026-07-30T02:41:33.047Z INFO webdriver: [POST] http://127.0.0.1:4723/session/84d1eb51-3b80-4baf-a0ac-13a3512ad17e/element
2026-07-30T02:41:33.047Z INFO webdriver: DATA {"using":"xpath","value":"//android.widget.TextView[@text=\"Appium is awesome\"]"}
2026-07-30T02:41:33.067Z INFO webdriver: RESULT {
  error: 'no such element',
  message: 'An element could not be located on the page using the given search parameters.',
  stacktrace: 'NoSuchElementError: An element could not be located on the page using the given search parameters.\n' +
    '    at AndroidUiautomator2Driver.findElOrEls (C:\\Repositorios\\webDriverIOMobile\\node_modules\\appium-uiautomator2-driver\\node_modules\\appium-android-driver\\lib\\commands\\find.ts:86:11)\n' +
    '    at processTicksAndRejections (node:internal/process/task_queues:95:5)\n' +
    '    at AndroidUiautomator2Driver.findElOrElsWithProcessing (C:\\Repositorios\\webDriverIOMobile\\node_modules\\appium-uiautomator2-driver\\node_modules\\@appium\\base-driver\\lib\\basedriver\\commands\\find.ts:60:12)\n' +
    '    at AndroidUiautomator2Driver.findElement (C:\\Repositorios\\webDriverIOMobile\\node_modules\\appium-uiautomator2-driver\\node_modules\\@appium\\base-driver\\lib\\basedriver\\commands\\find.ts:75:12)'
}
2026-07-30T02:41:33.141Z INFO webdriver: COMMAND findElement("xpath", "//android.widget.TextView[@text="Appium is awesome"]")
2026-07-30T02:41:33.142Z INFO webdriver: [POST] http://127.0.0.1:4723/session/84d1eb51-3b80-4baf-a0ac-13a3512ad17e/element
2026-07-30T02:41:33.142Z INFO webdriver: DATA {"using":"xpath","value":"//android.widget.TextView[@text=\"Appium is awesome\"]"}
2026-07-30T02:41:33.178Z INFO webdriver: RESULT {
  error: 'no such element',
  message: 'An element could not be located on the page using the given search parameters.',
  stacktrace: 'NoSuchElementError: An element could not be located on the page using the given search parameters.\n' +
    '    at AndroidUiautomator2Driver.findElOrEls (C:\\Repositorios\\webDriverIOMobile\\node_modules\\appium-uiautomator2-driver\\node_modules\\appium-android-driver\\lib\\commands\\find.ts:86:11)\n' +
    '    at processTicksAndRejections (node:internal/process/task_queues:95:5)\n' +
    '    at AndroidUiautomator2Driver.findElOrElsWithProcessing (C:\\Repositorios\\webDriverIOMobile\\node_modules\\appium-uiautomator2-driver\\node_modules\\@appium\\base-driver\\lib\\basedriver\\commands\\find.ts:60:12)\n' +
    '    at AndroidUiautomator2Driver.findElement (C:\\Repositorios\\webDriverIOMobile\\node_modules\\appium-uiautomator2-driver\\node_modules\\@appium\\base-driver\\lib\\basedriver\\commands\\find.ts:75:12)'
}
2026-07-30T02:41:33.235Z INFO webdriver: COMMAND findElement("xpath", "//android.widget.TextView[@text="Appium is awesome"]")
2026-07-30T02:41:33.235Z INFO webdriver: [POST] http://127.0.0.1:4723/session/84d1eb51-3b80-4baf-a0ac-13a3512ad17e/element
2026-07-30T02:41:33.235Z INFO webdriver: DATA {"using":"xpath","value":"//android.widget.TextView[@text=\"Appium is awesome\"]"}
2026-07-30T02:41:33.278Z INFO webdriver: RESULT {
  error: 'no such element',
  message: 'An element could not be located on the page using the given search parameters.',
  stacktrace: 'NoSuchElementError: An element could not be located on the page using the given search parameters.\n' +
    '    at AndroidUiautomator2Driver.findElOrEls (C:\\Repositorios\\webDriverIOMobile\\node_modules\\appium-uiautomator2-driver\\node_modules\\appium-android-driver\\lib\\commands\\find.ts:86:11)\n' +
    '    at processTicksAndRejections (node:internal/process/task_queues:95:5)\n' +
    '    at AndroidUiautomator2Driver.findElOrElsWithProcessing (C:\\Repositorios\\webDriverIOMobile\\node_modules\\appium-uiautomator2-driver\\node_modules\\@appium\\base-driver\\lib\\basedriver\\commands\\find.ts:60:12)\n' +
    '    at AndroidUiautomator2Driver.findElement (C:\\Repositorios\\webDriverIOMobile\\node_modules\\appium-uiautomator2-driver\\node_modules\\@appium\\base-driver\\lib\\basedriver\\commands\\find.ts:75:12)'
}
2026-07-30T02:41:33.345Z INFO webdriver: COMMAND findElement("xpath", "//android.widget.TextView[@text="Appium is awesome"]")
2026-07-30T02:41:33.345Z INFO webdriver: [POST] http://127.0.0.1:4723/session/84d1eb51-3b80-4baf-a0ac-13a3512ad17e/element
2026-07-30T02:41:33.345Z INFO webdriver: DATA {"using":"xpath","value":"//android.widget.TextView[@text=\"Appium is awesome\"]"}
2026-07-30T02:41:33.381Z INFO webdriver: RESULT {
  error: 'no such element',
  message: 'An element could not be located on the page using the given search parameters.',
  stacktrace: 'NoSuchElementError: An element could not be located on the page using the given search parameters.\n' +
    '    at AndroidUiautomator2Driver.findElOrEls (C:\\Repositorios\\webDriverIOMobile\\node_modules\\appium-uiautomator2-driver\\node_modules\\appium-android-driver\\lib\\commands\\find.ts:86:11)\n' +
    '    at processTicksAndRejections (node:internal/process/task_queues:95:5)\n' +
    '    at AndroidUiautomator2Driver.findElOrElsWithProcessing (C:\\Repositorios\\webDriverIOMobile\\node_modules\\appium-uiautomator2-driver\\node_modules\\@appium\\base-driver\\lib\\basedriver\\commands\\find.ts:60:12)\n' +
    '    at AndroidUiautomator2Driver.findElement (C:\\Repositorios\\webDriverIOMobile\\node_modules\\appium-uiautomator2-driver\\node_modules\\@appium\\base-driver\\lib\\basedriver\\commands\\find.ts:75:12)'
}
2026-07-30T02:41:33.439Z INFO webdriver: COMMAND findElement("xpath", "//android.widget.TextView[@text="Appium is awesome"]")
2026-07-30T02:41:33.439Z INFO webdriver: [POST] http://127.0.0.1:4723/session/84d1eb51-3b80-4baf-a0ac-13a3512ad17e/element
2026-07-30T02:41:33.439Z INFO webdriver: DATA {"using":"xpath","value":"//android.widget.TextView[@text=\"Appium is awesome\"]"}
2026-07-30T02:41:33.479Z INFO webdriver: RESULT {
  error: 'no such element',
  message: 'An element could not be located on the page using the given search parameters.',
  stacktrace: 'NoSuchElementError: An element could not be located on the page using the given search parameters.\n' +
    '    at AndroidUiautomator2Driver.findElOrEls (C:\\Repositorios\\webDriverIOMobile\\node_modules\\appium-uiautomator2-driver\\node_modules\\appium-android-driver\\lib\\commands\\find.ts:86:11)\n' +
    '    at processTicksAndRejections (node:internal/process/task_queues:95:5)\n' +
    '    at AndroidUiautomator2Driver.findElOrElsWithProcessing (C:\\Repositorios\\webDriverIOMobile\\node_modules\\appium-uiautomator2-driver\\node_modules\\@appium\\base-driver\\lib\\basedriver\\commands\\find.ts:60:12)\n' +
    '    at AndroidUiautomator2Driver.findElement (C:\\Repositorios\\webDriverIOMobile\\node_modules\\appium-uiautomator2-driver\\node_modules\\@appium\\base-driver\\lib\\basedriver\\commands\\find.ts:75:12)'
}
2026-07-30T02:41:33.549Z INFO webdriver: COMMAND findElement("xpath", "//android.widget.TextView[@text="Appium is awesome"]")
2026-07-30T02:41:33.549Z INFO webdriver: [POST] http://127.0.0.1:4723/session/84d1eb51-3b80-4baf-a0ac-13a3512ad17e/element
2026-07-30T02:41:33.549Z INFO webdriver: DATA {"using":"xpath","value":"//android.widget.TextView[@text=\"Appium is awesome\"]"}
2026-07-30T02:41:33.585Z INFO webdriver: RESULT {
  error: 'no such element',
  message: 'An element could not be located on the page using the given search parameters.',
  stacktrace: 'NoSuchElementError: An element could not be located on the page using the given search parameters.\n' +
    '    at AndroidUiautomator2Driver.findElOrEls (C:\\Repositorios\\webDriverIOMobile\\node_modules\\appium-uiautomator2-driver\\node_modules\\appium-android-driver\\lib\\commands\\find.ts:86:11)\n' +
    '    at processTicksAndRejections (node:internal/process/task_queues:95:5)\n' +
    '    at AndroidUiautomator2Driver.findElOrElsWithProcessing (C:\\Repositorios\\webDriverIOMobile\\node_modules\\appium-uiautomator2-driver\\node_modules\\@appium\\base-driver\\lib\\basedriver\\commands\\find.ts:60:12)\n' +
    '    at AndroidUiautomator2Driver.findElement (C:\\Repositorios\\webDriverIOMobile\\node_modules\\appium-uiautomator2-driver\\node_modules\\@appium\\base-driver\\lib\\basedriver\\commands\\find.ts:75:12)'
}
2026-07-30T02:41:33.641Z INFO webdriver: COMMAND findElement("xpath", "//android.widget.TextView[@text="Appium is awesome"]")
2026-07-30T02:41:33.641Z INFO webdriver: [POST] http://127.0.0.1:4723/session/84d1eb51-3b80-4baf-a0ac-13a3512ad17e/element
2026-07-30T02:41:33.641Z INFO webdriver: DATA {"using":"xpath","value":"//android.widget.TextView[@text=\"Appium is awesome\"]"}
2026-07-30T02:41:33.680Z INFO webdriver: RESULT {
  error: 'no such element',
  message: 'An element could not be located on the page using the given search parameters.',
  stacktrace: 'NoSuchElementError: An element could not be located on the page using the given search parameters.\n' +
    '    at AndroidUiautomator2Driver.findElOrEls (C:\\Repositorios\\webDriverIOMobile\\node_modules\\appium-uiautomator2-driver\\node_modules\\appium-android-driver\\lib\\commands\\find.ts:86:11)\n' +
    '    at processTicksAndRejections (node:internal/process/task_queues:95:5)\n' +
    '    at AndroidUiautomator2Driver.findElOrElsWithProcessing (C:\\Repositorios\\webDriverIOMobile\\node_modules\\appium-uiautomator2-driver\\node_modules\\@appium\\base-driver\\lib\\basedriver\\commands\\find.ts:60:12)\n' +
    '    at AndroidUiautomator2Driver.findElement (C:\\Repositorios\\webDriverIOMobile\\node_modules\\appium-uiautomator2-driver\\node_modules\\@appium\\base-driver\\lib\\basedriver\\commands\\find.ts:75:12)'
}
2026-07-30T02:41:33.748Z INFO webdriver: COMMAND findElement("xpath", "//android.widget.TextView[@text="Appium is awesome"]")
2026-07-30T02:41:33.748Z INFO webdriver: [POST] http://127.0.0.1:4723/session/84d1eb51-3b80-4baf-a0ac-13a3512ad17e/element
2026-07-30T02:41:33.748Z INFO webdriver: DATA {"using":"xpath","value":"//android.widget.TextView[@text=\"Appium is awesome\"]"}
2026-07-30T02:41:33.800Z INFO webdriver: RESULT {
  error: 'no such element',
  message: 'An element could not be located on the page using the given search parameters.',
  stacktrace: 'NoSuchElementError: An element could not be located on the page using the given search parameters.\n' +
    '    at AndroidUiautomator2Driver.findElOrEls (C:\\Repositorios\\webDriverIOMobile\\node_modules\\appium-uiautomator2-driver\\node_modules\\appium-android-driver\\lib\\commands\\find.ts:86:11)\n' +
    '    at processTicksAndRejections (node:internal/process/task_queues:95:5)\n' +
    '    at AndroidUiautomator2Driver.findElOrElsWithProcessing (C:\\Repositorios\\webDriverIOMobile\\node_modules\\appium-uiautomator2-driver\\node_modules\\@appium\\base-driver\\lib\\basedriver\\commands\\find.ts:60:12)\n' +
    '    at AndroidUiautomator2Driver.findElement (C:\\Repositorios\\webDriverIOMobile\\node_modules\\appium-uiautomator2-driver\\node_modules\\@appium\\base-driver\\lib\\basedriver\\commands\\find.ts:75:12)'
}
2026-07-30T02:41:33.842Z INFO webdriver: COMMAND findElement("xpath", "//android.widget.TextView[@text="Appium is awesome"]")
2026-07-30T02:41:33.842Z INFO webdriver: [POST] http://127.0.0.1:4723/session/84d1eb51-3b80-4baf-a0ac-13a3512ad17e/element
2026-07-30T02:41:33.842Z INFO webdriver: DATA {"using":"xpath","value":"//android.widget.TextView[@text=\"Appium is awesome\"]"}
2026-07-30T02:41:33.885Z INFO webdriver: RESULT {
  error: 'no such element',
  message: 'An element could not be located on the page using the given search parameters.',
  stacktrace: 'NoSuchElementError: An element could not be located on the page using the given search parameters.\n' +
    '    at AndroidUiautomator2Driver.findElOrEls (C:\\Repositorios\\webDriverIOMobile\\node_modules\\appium-uiautomator2-driver\\node_modules\\appium-android-driver\\lib\\commands\\find.ts:86:11)\n' +
    '    at processTicksAndRejections (node:internal/process/task_queues:95:5)\n' +
    '    at AndroidUiautomator2Driver.findElOrElsWithProcessing (C:\\Repositorios\\webDriverIOMobile\\node_modules\\appium-uiautomator2-driver\\node_modules\\@appium\\base-driver\\lib\\basedriver\\commands\\find.ts:60:12)\n' +
    '    at AndroidUiautomator2Driver.findElement (C:\\Repositorios\\webDriverIOMobile\\node_modules\\appium-uiautomator2-driver\\node_modules\\@appium\\base-driver\\lib\\basedriver\\commands\\find.ts:75:12)'
}
2026-07-30T02:41:33.936Z INFO webdriver: COMMAND findElement("xpath", "//android.widget.TextView[@text="Appium is awesome"]")
2026-07-30T02:41:33.937Z INFO webdriver: [POST] http://127.0.0.1:4723/session/84d1eb51-3b80-4baf-a0ac-13a3512ad17e/element
2026-07-30T02:41:33.937Z INFO webdriver: DATA {"using":"xpath","value":"//android.widget.TextView[@text=\"Appium is awesome\"]"}
2026-07-30T02:41:33.974Z INFO webdriver: RESULT {
  error: 'no such element',
  message: 'An element could not be located on the page using the given search parameters.',
  stacktrace: 'NoSuchElementError: An element could not be located on the page using the given search parameters.\n' +
    '    at AndroidUiautomator2Driver.findElOrEls (C:\\Repositorios\\webDriverIOMobile\\node_modules\\appium-uiautomator2-driver\\node_modules\\appium-android-driver\\lib\\commands\\find.ts:86:11)\n' +
    '    at processTicksAndRejections (node:internal/process/task_queues:95:5)\n' +
    '    at AndroidUiautomator2Driver.findElOrElsWithProcessing (C:\\Repositorios\\webDriverIOMobile\\node_modules\\appium-uiautomator2-driver\\node_modules\\@appium\\base-driver\\lib\\basedriver\\commands\\find.ts:60:12)\n' +
    '    at AndroidUiautomator2Driver.findElement (C:\\Repositorios\\webDriverIOMobile\\node_modules\\appium-uiautomator2-driver\\node_modules\\@appium\\base-driver\\lib\\basedriver\\commands\\find.ts:75:12)'
}
2026-07-30T02:41:34.044Z INFO webdriver: COMMAND findElement("xpath", "//android.widget.TextView[@text="Appium is awesome"]")
2026-07-30T02:41:34.044Z INFO webdriver: [POST] http://127.0.0.1:4723/session/84d1eb51-3b80-4baf-a0ac-13a3512ad17e/element
2026-07-30T02:41:34.044Z INFO webdriver: DATA {"using":"xpath","value":"//android.widget.TextView[@text=\"Appium is awesome\"]"}
2026-07-30T02:41:34.081Z INFO webdriver: RESULT {
  error: 'no such element',
  message: 'An element could not be located on the page using the given search parameters.',
  stacktrace: 'NoSuchElementError: An element could not be located on the page using the given search parameters.\n' +
    '    at AndroidUiautomator2Driver.findElOrEls (C:\\Repositorios\\webDriverIOMobile\\node_modules\\appium-uiautomator2-driver\\node_modules\\appium-android-driver\\lib\\commands\\find.ts:86:11)\n' +
    '    at processTicksAndRejections (node:internal/process/task_queues:95:5)\n' +
    '    at AndroidUiautomator2Driver.findElOrElsWithProcessing (C:\\Repositorios\\webDriverIOMobile\\node_modules\\appium-uiautomator2-driver\\node_modules\\@appium\\base-driver\\lib\\basedriver\\commands\\find.ts:60:12)\n' +
    '    at AndroidUiautomator2Driver.findElement (C:\\Repositorios\\webDriverIOMobile\\node_modules\\appium-uiautomator2-driver\\node_modules\\@appium\\base-driver\\lib\\basedriver\\commands\\find.ts:75:12)'
}
2026-07-30T02:41:34.137Z INFO webdriver: COMMAND findElement("xpath", "//android.widget.TextView[@text="Appium is awesome"]")
2026-07-30T02:41:34.137Z INFO webdriver: [POST] http://127.0.0.1:4723/session/84d1eb51-3b80-4baf-a0ac-13a3512ad17e/element
2026-07-30T02:41:34.137Z INFO webdriver: DATA {"using":"xpath","value":"//android.widget.TextView[@text=\"Appium is awesome\"]"}
2026-07-30T02:41:34.164Z INFO webdriver: RESULT {
  error: 'no such element',
  message: 'An element could not be located on the page using the given search parameters.',
  stacktrace: 'NoSuchElementError: An element could not be located on the page using the given search parameters.\n' +
    '    at AndroidUiautomator2Driver.findElOrEls (C:\\Repositorios\\webDriverIOMobile\\node_modules\\appium-uiautomator2-driver\\node_modules\\appium-android-driver\\lib\\commands\\find.ts:86:11)\n' +
    '    at processTicksAndRejections (node:internal/process/task_queues:95:5)\n' +
    '    at AndroidUiautomator2Driver.findElOrElsWithProcessing (C:\\Repositorios\\webDriverIOMobile\\node_modules\\appium-uiautomator2-driver\\node_modules\\@appium\\base-driver\\lib\\basedriver\\commands\\find.ts:60:12)\n' +
    '    at AndroidUiautomator2Driver.findElement (C:\\Repositorios\\webDriverIOMobile\\node_modules\\appium-uiautomator2-driver\\node_modules\\@appium\\base-driver\\lib\\basedriver\\commands\\find.ts:75:12)'
}
2026-07-30T02:41:34.246Z INFO webdriver: COMMAND findElement("xpath", "//android.widget.TextView[@text="Appium is awesome"]")
2026-07-30T02:41:34.246Z INFO webdriver: [POST] http://127.0.0.1:4723/session/84d1eb51-3b80-4baf-a0ac-13a3512ad17e/element
2026-07-30T02:41:34.246Z INFO webdriver: DATA {"using":"xpath","value":"//android.widget.TextView[@text=\"Appium is awesome\"]"}
2026-07-30T02:41:34.286Z INFO webdriver: RESULT {
  error: 'no such element',
  message: 'An element could not be located on the page using the given search parameters.',
  stacktrace: 'NoSuchElementError: An element could not be located on the page using the given search parameters.\n' +
    '    at AndroidUiautomator2Driver.findElOrEls (C:\\Repositorios\\webDriverIOMobile\\node_modules\\appium-uiautomator2-driver\\node_modules\\appium-android-driver\\lib\\commands\\find.ts:86:11)\n' +
    '    at processTicksAndRejections (node:internal/process/task_queues:95:5)\n' +
    '    at AndroidUiautomator2Driver.findElOrElsWithProcessing (C:\\Repositorios\\webDriverIOMobile\\node_modules\\appium-uiautomator2-driver\\node_modules\\@appium\\base-driver\\lib\\basedriver\\commands\\find.ts:60:12)\n' +
    '    at AndroidUiautomator2Driver.findElement (C:\\Repositorios\\webDriverIOMobile\\node_modules\\appium-uiautomator2-driver\\node_modules\\@appium\\base-driver\\lib\\basedriver\\commands\\find.ts:75:12)'
}
2026-07-30T02:41:34.339Z INFO webdriver: COMMAND findElement("xpath", "//android.widget.TextView[@text="Appium is awesome"]")
2026-07-30T02:41:34.339Z INFO webdriver: [POST] http://127.0.0.1:4723/session/84d1eb51-3b80-4baf-a0ac-13a3512ad17e/element
2026-07-30T02:41:34.339Z INFO webdriver: DATA {"using":"xpath","value":"//android.widget.TextView[@text=\"Appium is awesome\"]"}
2026-07-30T02:41:34.376Z INFO webdriver: RESULT {
  error: 'no such element',
  message: 'An element could not be located on the page using the given search parameters.',
  stacktrace: 'NoSuchElementError: An element could not be located on the page using the given search parameters.\n' +
    '    at AndroidUiautomator2Driver.findElOrEls (C:\\Repositorios\\webDriverIOMobile\\node_modules\\appium-uiautomator2-driver\\node_modules\\appium-android-driver\\lib\\commands\\find.ts:86:11)\n' +
    '    at processTicksAndRejections (node:internal/process/task_queues:95:5)\n' +
    '    at AndroidUiautomator2Driver.findElOrElsWithProcessing (C:\\Repositorios\\webDriverIOMobile\\node_modules\\appium-uiautomator2-driver\\node_modules\\@appium\\base-driver\\lib\\basedriver\\commands\\find.ts:60:12)\n' +
    '    at AndroidUiautomator2Driver.findElement (C:\\Repositorios\\webDriverIOMobile\\node_modules\\appium-uiautomator2-driver\\node_modules\\@appium\\base-driver\\lib\\basedriver\\commands\\find.ts:75:12)'
}
2026-07-30T02:41:34.446Z INFO webdriver: COMMAND findElement("xpath", "//android.widget.TextView[@text="Appium is awesome"]")
2026-07-30T02:41:34.446Z INFO webdriver: [POST] http://127.0.0.1:4723/session/84d1eb51-3b80-4baf-a0ac-13a3512ad17e/element
2026-07-30T02:41:34.446Z INFO webdriver: DATA {"using":"xpath","value":"//android.widget.TextView[@text=\"Appium is awesome\"]"}
2026-07-30T02:41:34.470Z INFO webdriver: RESULT {
  error: 'no such element',
  message: 'An element could not be located on the page using the given search parameters.',
  stacktrace: 'NoSuchElementError: An element could not be located on the page using the given search parameters.\n' +
    '    at AndroidUiautomator2Driver.findElOrEls (C:\\Repositorios\\webDriverIOMobile\\node_modules\\appium-uiautomator2-driver\\node_modules\\appium-android-driver\\lib\\commands\\find.ts:86:11)\n' +
    '    at processTicksAndRejections (node:internal/process/task_queues:95:5)\n' +
    '    at AndroidUiautomator2Driver.findElOrElsWithProcessing (C:\\Repositorios\\webDriverIOMobile\\node_modules\\appium-uiautomator2-driver\\node_modules\\@appium\\base-driver\\lib\\basedriver\\commands\\find.ts:60:12)\n' +
    '    at AndroidUiautomator2Driver.findElement (C:\\Repositorios\\webDriverIOMobile\\node_modules\\appium-uiautomator2-driver\\node_modules\\@appium\\base-driver\\lib\\basedriver\\commands\\find.ts:75:12)'
}
2026-07-30T02:41:34.539Z INFO webdriver: COMMAND findElement("xpath", "//android.widget.TextView[@text="Appium is awesome"]")
2026-07-30T02:41:34.539Z INFO webdriver: [POST] http://127.0.0.1:4723/session/84d1eb51-3b80-4baf-a0ac-13a3512ad17e/element
2026-07-30T02:41:34.539Z INFO webdriver: DATA {"using":"xpath","value":"//android.widget.TextView[@text=\"Appium is awesome\"]"}
2026-07-30T02:41:34.581Z INFO webdriver: RESULT {
  error: 'no such element',
  message: 'An element could not be located on the page using the given search parameters.',
  stacktrace: 'NoSuchElementError: An element could not be located on the page using the given search parameters.\n' +
    '    at AndroidUiautomator2Driver.findElOrEls (C:\\Repositorios\\webDriverIOMobile\\node_modules\\appium-uiautomator2-driver\\node_modules\\appium-android-driver\\lib\\commands\\find.ts:86:11)\n' +
    '    at processTicksAndRejections (node:internal/process/task_queues:95:5)\n' +
    '    at AndroidUiautomator2Driver.findElOrElsWithProcessing (C:\\Repositorios\\webDriverIOMobile\\node_modules\\appium-uiautomator2-driver\\node_modules\\@appium\\base-driver\\lib\\basedriver\\commands\\find.ts:60:12)\n' +
    '    at AndroidUiautomator2Driver.findElement (C:\\Repositorios\\webDriverIOMobile\\node_modules\\appium-uiautomator2-driver\\node_modules\\@appium\\base-driver\\lib\\basedriver\\commands\\find.ts:75:12)'
}
2026-07-30T02:41:34.648Z INFO webdriver: COMMAND findElement("xpath", "//android.widget.TextView[@text="Appium is awesome"]")
2026-07-30T02:41:34.648Z INFO webdriver: [POST] http://127.0.0.1:4723/session/84d1eb51-3b80-4baf-a0ac-13a3512ad17e/element
2026-07-30T02:41:34.648Z INFO webdriver: DATA {"using":"xpath","value":"//android.widget.TextView[@text=\"Appium is awesome\"]"}
2026-07-30T02:41:34.687Z INFO webdriver: RESULT {
  error: 'no such element',
  message: 'An element could not be located on the page using the given search parameters.',
  stacktrace: 'NoSuchElementError: An element could not be located on the page using the given search parameters.\n' +
    '    at AndroidUiautomator2Driver.findElOrEls (C:\\Repositorios\\webDriverIOMobile\\node_modules\\appium-uiautomator2-driver\\node_modules\\appium-android-driver\\lib\\commands\\find.ts:86:11)\n' +
    '    at processTicksAndRejections (node:internal/process/task_queues:95:5)\n' +
    '    at AndroidUiautomator2Driver.findElOrElsWithProcessing (C:\\Repositorios\\webDriverIOMobile\\node_modules\\appium-uiautomator2-driver\\node_modules\\@appium\\base-driver\\lib\\basedriver\\commands\\find.ts:60:12)\n' +
    '    at AndroidUiautomator2Driver.findElement (C:\\Repositorios\\webDriverIOMobile\\node_modules\\appium-uiautomator2-driver\\node_modules\\@appium\\base-driver\\lib\\basedriver\\commands\\find.ts:75:12)'
}
2026-07-30T02:41:34.742Z INFO webdriver: COMMAND findElement("xpath", "//android.widget.TextView[@text="Appium is awesome"]")
2026-07-30T02:41:34.742Z INFO webdriver: [POST] http://127.0.0.1:4723/session/84d1eb51-3b80-4baf-a0ac-13a3512ad17e/element
2026-07-30T02:41:34.742Z INFO webdriver: DATA {"using":"xpath","value":"//android.widget.TextView[@text=\"Appium is awesome\"]"}
2026-07-30T02:41:34.787Z INFO webdriver: RESULT {
  error: 'no such element',
  message: 'An element could not be located on the page using the given search parameters.',
  stacktrace: 'NoSuchElementError: An element could not be located on the page using the given search parameters.\n' +
    '    at AndroidUiautomator2Driver.findElOrEls (C:\\Repositorios\\webDriverIOMobile\\node_modules\\appium-uiautomator2-driver\\node_modules\\appium-android-driver\\lib\\commands\\find.ts:86:11)\n' +
    '    at processTicksAndRejections (node:internal/process/task_queues:95:5)\n' +
    '    at AndroidUiautomator2Driver.findElOrElsWithProcessing (C:\\Repositorios\\webDriverIOMobile\\node_modules\\appium-uiautomator2-driver\\node_modules\\@appium\\base-driver\\lib\\basedriver\\commands\\find.ts:60:12)\n' +
    '    at AndroidUiautomator2Driver.findElement (C:\\Repositorios\\webDriverIOMobile\\node_modules\\appium-uiautomator2-driver\\node_modules\\@appium\\base-driver\\lib\\basedriver\\commands\\find.ts:75:12)'
}
2026-07-30T02:41:34.850Z INFO webdriver: COMMAND findElement("xpath", "//android.widget.TextView[@text="Appium is awesome"]")
2026-07-30T02:41:34.851Z INFO webdriver: [POST] http://127.0.0.1:4723/session/84d1eb51-3b80-4baf-a0ac-13a3512ad17e/element
2026-07-30T02:41:34.851Z INFO webdriver: DATA {"using":"xpath","value":"//android.widget.TextView[@text=\"Appium is awesome\"]"}
2026-07-30T02:41:34.877Z INFO webdriver: RESULT {
  error: 'no such element',
  message: 'An element could not be located on the page using the given search parameters.',
  stacktrace: 'NoSuchElementError: An element could not be located on the page using the given search parameters.\n' +
    '    at AndroidUiautomator2Driver.findElOrEls (C:\\Repositorios\\webDriverIOMobile\\node_modules\\appium-uiautomator2-driver\\node_modules\\appium-android-driver\\lib\\commands\\find.ts:86:11)\n' +
    '    at processTicksAndRejections (node:internal/process/task_queues:95:5)\n' +
    '    at AndroidUiautomator2Driver.findElOrElsWithProcessing (C:\\Repositorios\\webDriverIOMobile\\node_modules\\appium-uiautomator2-driver\\node_modules\\@appium\\base-driver\\lib\\basedriver\\commands\\find.ts:60:12)\n' +
    '    at AndroidUiautomator2Driver.findElement (C:\\Repositorios\\webDriverIOMobile\\node_modules\\appium-uiautomator2-driver\\node_modules\\@appium\\base-driver\\lib\\basedriver\\commands\\find.ts:75:12)'
}
2026-07-30T02:41:34.943Z INFO webdriver: COMMAND findElement("xpath", "//android.widget.TextView[@text="Appium is awesome"]")
2026-07-30T02:41:34.944Z INFO webdriver: [POST] http://127.0.0.1:4723/session/84d1eb51-3b80-4baf-a0ac-13a3512ad17e/element
2026-07-30T02:41:34.944Z INFO webdriver: DATA {"using":"xpath","value":"//android.widget.TextView[@text=\"Appium is awesome\"]"}
2026-07-30T02:41:34.981Z INFO webdriver: RESULT {
  error: 'no such element',
  message: 'An element could not be located on the page using the given search parameters.',
  stacktrace: 'NoSuchElementError: An element could not be located on the page using the given search parameters.\n' +
    '    at AndroidUiautomator2Driver.findElOrEls (C:\\Repositorios\\webDriverIOMobile\\node_modules\\appium-uiautomator2-driver\\node_modules\\appium-android-driver\\lib\\commands\\find.ts:86:11)\n' +
    '    at processTicksAndRejections (node:internal/process/task_queues:95:5)\n' +
    '    at AndroidUiautomator2Driver.findElOrElsWithProcessing (C:\\Repositorios\\webDriverIOMobile\\node_modules\\appium-uiautomator2-driver\\node_modules\\@appium\\base-driver\\lib\\basedriver\\commands\\find.ts:60:12)\n' +
    '    at AndroidUiautomator2Driver.findElement (C:\\Repositorios\\webDriverIOMobile\\node_modules\\appium-uiautomator2-driver\\node_modules\\@appium\\base-driver\\lib\\basedriver\\commands\\find.ts:75:12)'
}
2026-07-30T02:41:35.037Z INFO webdriver: COMMAND findElement("xpath", "//android.widget.TextView[@text="Appium is awesome"]")
2026-07-30T02:41:35.037Z INFO webdriver: [POST] http://127.0.0.1:4723/session/84d1eb51-3b80-4baf-a0ac-13a3512ad17e/element
2026-07-30T02:41:35.037Z INFO webdriver: DATA {"using":"xpath","value":"//android.widget.TextView[@text=\"Appium is awesome\"]"}
2026-07-30T02:41:35.074Z INFO webdriver: RESULT {
  error: 'no such element',
  message: 'An element could not be located on the page using the given search parameters.',
  stacktrace: 'NoSuchElementError: An element could not be located on the page using the given search parameters.\n' +
    '    at AndroidUiautomator2Driver.findElOrEls (C:\\Repositorios\\webDriverIOMobile\\node_modules\\appium-uiautomator2-driver\\node_modules\\appium-android-driver\\lib\\commands\\find.ts:86:11)\n' +
    '    at processTicksAndRejections (node:internal/process/task_queues:95:5)\n' +
    '    at AndroidUiautomator2Driver.findElOrElsWithProcessing (C:\\Repositorios\\webDriverIOMobile\\node_modules\\appium-uiautomator2-driver\\node_modules\\@appium\\base-driver\\lib\\basedriver\\commands\\find.ts:60:12)\n' +
    '    at AndroidUiautomator2Driver.findElement (C:\\Repositorios\\webDriverIOMobile\\node_modules\\appium-uiautomator2-driver\\node_modules\\@appium\\base-driver\\lib\\basedriver\\commands\\find.ts:75:12)'
}
2026-07-30T02:41:35.144Z INFO webdriver: COMMAND findElement("xpath", "//android.widget.TextView[@text="Appium is awesome"]")
2026-07-30T02:41:35.145Z INFO webdriver: [POST] http://127.0.0.1:4723/session/84d1eb51-3b80-4baf-a0ac-13a3512ad17e/element
2026-07-30T02:41:35.145Z INFO webdriver: DATA {"using":"xpath","value":"//android.widget.TextView[@text=\"Appium is awesome\"]"}
2026-07-30T02:41:35.187Z INFO webdriver: RESULT {
  error: 'no such element',
  message: 'An element could not be located on the page using the given search parameters.',
  stacktrace: 'NoSuchElementError: An element could not be located on the page using the given search parameters.\n' +
    '    at AndroidUiautomator2Driver.findElOrEls (C:\\Repositorios\\webDriverIOMobile\\node_modules\\appium-uiautomator2-driver\\node_modules\\appium-android-driver\\lib\\commands\\find.ts:86:11)\n' +
    '    at processTicksAndRejections (node:internal/process/task_queues:95:5)\n' +
    '    at AndroidUiautomator2Driver.findElOrElsWithProcessing (C:\\Repositorios\\webDriverIOMobile\\node_modules\\appium-uiautomator2-driver\\node_modules\\@appium\\base-driver\\lib\\basedriver\\commands\\find.ts:60:12)\n' +
    '    at AndroidUiautomator2Driver.findElement (C:\\Repositorios\\webDriverIOMobile\\node_modules\\appium-uiautomator2-driver\\node_modules\\@appium\\base-driver\\lib\\basedriver\\commands\\find.ts:75:12)'
}
2026-07-30T02:41:35.237Z INFO webdriver: COMMAND findElement("xpath", "//android.widget.TextView[@text="Appium is awesome"]")
2026-07-30T02:41:35.238Z INFO webdriver: [POST] http://127.0.0.1:4723/session/84d1eb51-3b80-4baf-a0ac-13a3512ad17e/element
2026-07-30T02:41:35.238Z INFO webdriver: DATA {"using":"xpath","value":"//android.widget.TextView[@text=\"Appium is awesome\"]"}
2026-07-30T02:41:35.271Z INFO webdriver: RESULT {
  error: 'no such element',
  message: 'An element could not be located on the page using the given search parameters.',
  stacktrace: 'NoSuchElementError: An element could not be located on the page using the given search parameters.\n' +
    '    at AndroidUiautomator2Driver.findElOrEls (C:\\Repositorios\\webDriverIOMobile\\node_modules\\appium-uiautomator2-driver\\node_modules\\appium-android-driver\\lib\\commands\\find.ts:86:11)\n' +
    '    at processTicksAndRejections (node:internal/process/task_queues:95:5)\n' +
    '    at AndroidUiautomator2Driver.findElOrElsWithProcessing (C:\\Repositorios\\webDriverIOMobile\\node_modules\\appium-uiautomator2-driver\\node_modules\\@appium\\base-driver\\lib\\basedriver\\commands\\find.ts:60:12)\n' +
    '    at AndroidUiautomator2Driver.findElement (C:\\Repositorios\\webDriverIOMobile\\node_modules\\appium-uiautomator2-driver\\node_modules\\@appium\\base-driver\\lib\\basedriver\\commands\\find.ts:75:12)'
}
2026-07-30T02:41:35.348Z INFO webdriver: COMMAND findElement("xpath", "//android.widget.TextView[@text="Appium is awesome"]")
2026-07-30T02:41:35.348Z INFO webdriver: [POST] http://127.0.0.1:4723/session/84d1eb51-3b80-4baf-a0ac-13a3512ad17e/element
2026-07-30T02:41:35.348Z INFO webdriver: DATA {"using":"xpath","value":"//android.widget.TextView[@text=\"Appium is awesome\"]"}
2026-07-30T02:41:35.390Z INFO webdriver: RESULT {
  error: 'no such element',
  message: 'An element could not be located on the page using the given search parameters.',
  stacktrace: 'NoSuchElementError: An element could not be located on the page using the given search parameters.\n' +
    '    at AndroidUiautomator2Driver.findElOrEls (C:\\Repositorios\\webDriverIOMobile\\node_modules\\appium-uiautomator2-driver\\node_modules\\appium-android-driver\\lib\\commands\\find.ts:86:11)\n' +
    '    at processTicksAndRejections (node:internal/process/task_queues:95:5)\n' +
    '    at AndroidUiautomator2Driver.findElOrElsWithProcessing (C:\\Repositorios\\webDriverIOMobile\\node_modules\\appium-uiautomator2-driver\\node_modules\\@appium\\base-driver\\lib\\basedriver\\commands\\find.ts:60:12)\n' +
    '    at AndroidUiautomator2Driver.findElement (C:\\Repositorios\\webDriverIOMobile\\node_modules\\appium-uiautomator2-driver\\node_modules\\@appium\\base-driver\\lib\\basedriver\\commands\\find.ts:75:12)'
}
2026-07-30T02:41:35.442Z INFO webdriver: COMMAND findElement("xpath", "//android.widget.TextView[@text="Appium is awesome"]")
2026-07-30T02:41:35.442Z INFO webdriver: [POST] http://127.0.0.1:4723/session/84d1eb51-3b80-4baf-a0ac-13a3512ad17e/element
2026-07-30T02:41:35.442Z INFO webdriver: DATA {"using":"xpath","value":"//android.widget.TextView[@text=\"Appium is awesome\"]"}
2026-07-30T02:41:35.481Z INFO webdriver: RESULT {
  error: 'no such element',
  message: 'An element could not be located on the page using the given search parameters.',
  stacktrace: 'NoSuchElementError: An element could not be located on the page using the given search parameters.\n' +
    '    at AndroidUiautomator2Driver.findElOrEls (C:\\Repositorios\\webDriverIOMobile\\node_modules\\appium-uiautomator2-driver\\node_modules\\appium-android-driver\\lib\\commands\\find.ts:86:11)\n' +
    '    at processTicksAndRejections (node:internal/process/task_queues:95:5)\n' +
    '    at AndroidUiautomator2Driver.findElOrElsWithProcessing (C:\\Repositorios\\webDriverIOMobile\\node_modules\\appium-uiautomator2-driver\\node_modules\\@appium\\base-driver\\lib\\basedriver\\commands\\find.ts:60:12)\n' +
    '    at AndroidUiautomator2Driver.findElement (C:\\Repositorios\\webDriverIOMobile\\node_modules\\appium-uiautomator2-driver\\node_modules\\@appium\\base-driver\\lib\\basedriver\\commands\\find.ts:75:12)'
}
2026-07-30T02:41:35.550Z INFO webdriver: COMMAND findElement("xpath", "//android.widget.TextView[@text="Appium is awesome"]")
2026-07-30T02:41:35.550Z INFO webdriver: [POST] http://127.0.0.1:4723/session/84d1eb51-3b80-4baf-a0ac-13a3512ad17e/element
2026-07-30T02:41:35.551Z INFO webdriver: DATA {"using":"xpath","value":"//android.widget.TextView[@text=\"Appium is awesome\"]"}
2026-07-30T02:41:35.586Z INFO webdriver: RESULT {
  error: 'no such element',
  message: 'An element could not be located on the page using the given search parameters.',
  stacktrace: 'NoSuchElementError: An element could not be located on the page using the given search parameters.\n' +
    '    at AndroidUiautomator2Driver.findElOrEls (C:\\Repositorios\\webDriverIOMobile\\node_modules\\appium-uiautomator2-driver\\node_modules\\appium-android-driver\\lib\\commands\\find.ts:86:11)\n' +
    '    at processTicksAndRejections (node:internal/process/task_queues:95:5)\n' +
    '    at AndroidUiautomator2Driver.findElOrElsWithProcessing (C:\\Repositorios\\webDriverIOMobile\\node_modules\\appium-uiautomator2-driver\\node_modules\\@appium\\base-driver\\lib\\basedriver\\commands\\find.ts:60:12)\n' +
    '    at AndroidUiautomator2Driver.findElement (C:\\Repositorios\\webDriverIOMobile\\node_modules\\appium-uiautomator2-driver\\node_modules\\@appium\\base-driver\\lib\\basedriver\\commands\\find.ts:75:12)'
}
2026-07-30T02:41:35.642Z INFO webdriver: COMMAND findElement("xpath", "//android.widget.TextView[@text="Appium is awesome"]")
2026-07-30T02:41:35.643Z INFO webdriver: [POST] http://127.0.0.1:4723/session/84d1eb51-3b80-4baf-a0ac-13a3512ad17e/element
2026-07-30T02:41:35.643Z INFO webdriver: DATA {"using":"xpath","value":"//android.widget.TextView[@text=\"Appium is awesome\"]"}
2026-07-30T02:41:35.679Z INFO webdriver: RESULT {
  error: 'no such element',
  message: 'An element could not be located on the page using the given search parameters.',
  stacktrace: 'NoSuchElementError: An element could not be located on the page using the given search parameters.\n' +
    '    at AndroidUiautomator2Driver.findElOrEls (C:\\Repositorios\\webDriverIOMobile\\node_modules\\appium-uiautomator2-driver\\node_modules\\appium-android-driver\\lib\\commands\\find.ts:86:11)\n' +
    '    at processTicksAndRejections (node:internal/process/task_queues:95:5)\n' +
    '    at AndroidUiautomator2Driver.findElOrElsWithProcessing (C:\\Repositorios\\webDriverIOMobile\\node_modules\\appium-uiautomator2-driver\\node_modules\\@appium\\base-driver\\lib\\basedriver\\commands\\find.ts:60:12)\n' +
    '    at AndroidUiautomator2Driver.findElement (C:\\Repositorios\\webDriverIOMobile\\node_modules\\appium-uiautomator2-driver\\node_modules\\@appium\\base-driver\\lib\\basedriver\\commands\\find.ts:75:12)'
}
2026-07-30T02:41:35.738Z INFO webdriver: COMMAND terminateApp("com.wdiodemoapp")
2026-07-30T02:41:35.738Z INFO webdriver: [POST] http://127.0.0.1:4723/session/84d1eb51-3b80-4baf-a0ac-13a3512ad17e/appium/device/terminate_app
2026-07-30T02:41:35.738Z INFO webdriver: DATA {"appId":"com.wdiodemoapp"}
2026-07-30T02:41:36.296Z INFO webdriver: RESULT true
2026-07-30T02:41:36.296Z INFO webdriver: COMMAND activateApp("com.wdiodemoapp")
2026-07-30T02:41:36.296Z INFO webdriver: [POST] http://127.0.0.1:4723/session/84d1eb51-3b80-4baf-a0ac-13a3512ad17e/appium/device/activate_app
2026-07-30T02:41:36.296Z INFO webdriver: DATA {"appId":"com.wdiodemoapp"}
2026-07-30T02:41:36.447Z INFO webdriver: RESULT null
2026-07-30T02:41:36.448Z INFO webdriver: COMMAND findElement("accessibility id", "Forms")
2026-07-30T02:41:36.449Z INFO webdriver: [POST] http://127.0.0.1:4723/session/84d1eb51-3b80-4baf-a0ac-13a3512ad17e/element
2026-07-30T02:41:36.449Z INFO webdriver: DATA {"using":"accessibility id","value":"Forms"}
2026-07-30T02:41:42.404Z WARN webdriver: WebDriverError: An unknown server-side error occurred while processing the command. Original error: Could not proxy command to the remote server. Original error: socket hang up when running "element" with method "POST"
2026-07-30T02:41:42.404Z INFO webdriver: Retrying 1/3
2026-07-30T02:41:42.404Z INFO webdriver: [POST] http://127.0.0.1:4723/session/84d1eb51-3b80-4baf-a0ac-13a3512ad17e/element
2026-07-30T02:41:42.404Z INFO webdriver: DATA {"using":"accessibility id","value":"Forms"}
2026-07-30T02:41:42.928Z WARN webdriver: WebDriverError: An unknown server-side error occurred while processing the command. Original error: 'POST /element' cannot be proxied to UiAutomator2 server because the instrumentation process is not running (probably crashed). Check the server log and/or the logcat output for more details when running "element" with method "POST"
2026-07-30T02:41:42.928Z INFO webdriver: Retrying 2/3
2026-07-30T02:41:42.928Z INFO webdriver: [POST] http://127.0.0.1:4723/session/84d1eb51-3b80-4baf-a0ac-13a3512ad17e/element
2026-07-30T02:41:42.928Z INFO webdriver: DATA {"using":"accessibility id","value":"Forms"}
2026-07-30T02:41:43.956Z WARN webdriver: WebDriverError: An unknown server-side error occurred while processing the command. Original error: 'POST /element' cannot be proxied to UiAutomator2 server because the instrumentation process is not running (probably crashed). Check the server log and/or the logcat output for more details when running "element" with method "POST"
2026-07-30T02:41:43.956Z INFO webdriver: Retrying 3/3
2026-07-30T02:41:43.956Z INFO webdriver: [POST] http://127.0.0.1:4723/session/84d1eb51-3b80-4baf-a0ac-13a3512ad17e/element
2026-07-30T02:41:43.957Z INFO webdriver: DATA {"using":"accessibility id","value":"Forms"}
2026-07-30T02:41:43.975Z ERROR webdriver: WebDriverError: An unknown server-side error occurred while processing the command. Original error: 'POST /element' cannot be proxied to UiAutomator2 server because the instrumentation process is not running (probably crashed). Check the server log and/or the logcat output for more details when running "element" with method "POST"
2026-07-30T02:41:43.978Z INFO webdriver: COMMAND terminateApp("com.wdiodemoapp")
2026-07-30T02:41:43.978Z INFO webdriver: [POST] http://127.0.0.1:4723/session/84d1eb51-3b80-4baf-a0ac-13a3512ad17e/appium/device/terminate_app
2026-07-30T02:41:43.978Z INFO webdriver: DATA {"appId":"com.wdiodemoapp"}
2026-07-30T02:41:44.022Z INFO webdriver: RESULT false
2026-07-30T02:41:44.022Z INFO webdriver: COMMAND activateApp("com.wdiodemoapp")
2026-07-30T02:41:44.022Z INFO webdriver: [POST] http://127.0.0.1:4723/session/84d1eb51-3b80-4baf-a0ac-13a3512ad17e/appium/device/activate_app
2026-07-30T02:41:44.022Z INFO webdriver: DATA {"appId":"com.wdiodemoapp"}
2026-07-30T02:41:44.074Z WARN webdriver: WebDriverError: An unknown server-side error occurred while processing the command. Original error: Error executing adbExec. Original error: 'Command 'C:\\Users\\Brxan\\AppData\\Local\\Android\\Sdk\\platform-tools\\adb.exe -P 5037 -s emulator-5554 shell cmd package resolve-activity --brief com.wdiodemoapp' exited with code 1'; Command output: adb.exe: device 'emulator-5554' not found
 when running "appium/device/activate_app" with method "POST"
2026-07-30T02:41:44.074Z INFO webdriver: Retrying 1/3
2026-07-30T02:41:44.074Z INFO webdriver: [POST] http://127.0.0.1:4723/session/84d1eb51-3b80-4baf-a0ac-13a3512ad17e/appium/device/activate_app
2026-07-30T02:41:44.074Z INFO webdriver: DATA {"appId":"com.wdiodemoapp"}
2026-07-30T02:41:44.609Z WARN webdriver: WebDriverError: An unknown server-side error occurred while processing the command. Original error: Error executing adbExec. Original error: 'Command 'C:\\Users\\Brxan\\AppData\\Local\\Android\\Sdk\\platform-tools\\adb.exe -P 5037 -s emulator-5554 shell cmd package resolve-activity --brief com.wdiodemoapp' exited with code 1'; Command output: adb.exe: device 'emulator-5554' not found
 when running "appium/device/activate_app" with method "POST"
2026-07-30T02:41:44.609Z INFO webdriver: Retrying 2/3
2026-07-30T02:41:44.609Z INFO webdriver: [POST] http://127.0.0.1:4723/session/84d1eb51-3b80-4baf-a0ac-13a3512ad17e/appium/device/activate_app
2026-07-30T02:41:44.609Z INFO webdriver: DATA {"appId":"com.wdiodemoapp"}
2026-07-30T02:41:45.624Z INFO @wdio/local-runner: Received SIGINT, giving process 5000ms to shutdown gracefully
